Profile Name,Title Desc,Selection Type,Choice Segment Id,Has Watched,Source,Utc Timestamp
Onur ps5,Black Mirror: Bandersnatch,countdown_interrupted,,false,tvui,2019-01-04 23:47:55
Onur ps5,Black Mirror: Bandersnatch,countdown_interrupted,,false,tvui,2019-01-04 23:45:45
Onur ps5,Black Mirror: Bandersnatch,countdown_interrupted,ONU BIRAK,false,tvui,2019-01-04 23:42:28
Onur ps5,Black Mirror: Bandersnatch,countdown_interrupted,EVET,false,tvui,2019-01-04 23:40:08
Onur ps5,Black Mirror: Bandersnatch,countdown_interrupted,,false,tvui,2019-01-04 23:39:20
Onur ps5,Black Mirror: Bandersnatch,countdown_interrupted,,false,tvui,2019-01-04 23:37:57
Onur ps5,Black Mirror: Bandersnatch,countdown_interrupted,,false,tvui,2019-01-04 23:33:26
Onur ps5,Black Mirror: Bandersnatch,countdown_interrupted,BABANI ÖLDÜR,false,tvui,2019-01-04 23:32:26
Onur ps5,Black Mirror: Bandersnatch,countdown_interrupted,VAZGEÇ,false,tvui,2019-01-04 23:31:53
Onur ps5,Black Mirror: Bandersnatch,countdown_interrupted,,false,tvui,2019-01-04 23:31:02
Onur ps5,Black Mirror: Bandersnatch,countdown_interrupted,,false,tvui,2019-01-04 23:30:18
Onur ps5,Black Mirror: Bandersnatch,countdown_interrupted,,false,tvui,2019-01-04 23:26:24
Onur ps5,Black Mirror: Bandersnatch,countdown_interrupted,,false,tvui,2019-01-04 23:24:25
Onur ps5,Black Mirror: Bandersnatch,countdown_interrupted,MASAYA VUR,false,tvui,2019-01-04 23:23:30
Onur ps5,Black Mirror: Bandersnatch,countdown_interrupted,,false,tvui,2019-01-04 23:18:56
Onur ps5,Black Mirror: Bandersnatch,countdown_interrupted,TIRNAKLARINI YE,false,tvui,2019-01-04 23:17:21
Onur ps5,Black Mirror: Bandersnatch,countdown_interrupted,COLIN,false,tvui,2019-01-04 23:15:09
Onur ps5,Black Mirror: Bandersnatch,countdown_interrupted,GERİ GİT,false,tvui,2019-01-04 23:14:52
Onur ps5,Black Mirror: Bandersnatch,countdown_interrupted,STEFAN,false,tvui,2019-01-04 23:13:13
Onur ps5,Black Mirror: Bandersnatch,countdown_interrupted,EVET,false,tvui,2019-01-04 23:08:48
Onur ps5,Black Mirror: Bandersnatch,countdown_interrupted,,false,tvui,2019-01-04 23:05:27
Onur ps5,Black Mirror: Bandersnatch,countdown_interrupted,BABANA BAĞIR,false,tvui,2019-01-04 23:03:51
Onur ps5,Black Mirror: Bandersnatch,countdown_interrupted,,false,tvui,2019-01-04 23:01:59
Onur ps5,Black Mirror: Bandersnatch,countdown_interrupted,ANNENDEN BAHSET,false,tvui,2019-01-04 23:00:32
Onur ps5,Black Mirror: Bandersnatch,countdown_interrupted,BİLGİSAYARIN ÜZERİNE ÇAY DÖK,false,tvui,2019-01-04 23:00:01
Onur ps5,Black Mirror: Bandersnatch,countdown_interrupted,THE BERMUDA TRIANGLE,false,tvui,2019-01-04 22:56:55
Onur ps5,Black Mirror: Bandersnatch,countdown_interrupted,,false,tvui,2019-01-04 22:55:42
Onur ps5,Black Mirror: Bandersnatch,countdown_interrupted,HAYIR,false,tvui,2019-01-04 22:55:14
Onur ps5,Black Mirror: Bandersnatch,countdown_interrupted,,false,tvui,2019-01-04 22:42:42
Onur ps5,Black Mirror: Bandersnatch,countdown_interrupted,,false,tvui,2019-01-04 22:38:52
Onur ps5,Black Mirror: Bandersnatch,countdown_interrupted,NOW 2,false,tvui,2019-01-04 22:31:31
Onur ps5,Black Mirror: Bandersnatch,countdown_interrupted,SUGAR PUFFS,false,tvui,2019-01-04 22:30:33
nergiz,Black Mirror: Bandersnatch,countdown_interrupted,KONUŞMAYI KES,false,iOS,2019-02-05 17:28:33
nergiz,Black Mirror: Bandersnatch,countdown_complete,BİRAZ DAHA ANLAT,false,iOS,2019-02-05 17:28:08
nergiz,Black Mirror: Bandersnatch,countdown_complete,NETFLIX 'N' LOGOSU,false,iOS,2019-02-05 17:27:38
nergiz,Black Mirror: Bandersnatch,countdown_complete,,false,iOS,2019-02-05 17:26:55
nergiz,Black Mirror: Bandersnatch,countdown_complete,,false,iOS,2019-02-05 17:24:21
nergiz,Black Mirror: Bandersnatch,countdown_complete,MASAYA VUR,false,iOS,2019-02-05 17:23:27
nergiz,Black Mirror: Bandersnatch,countdown_complete,GERİ GİT,false,iOS,2019-02-05 17:22:54
nergiz,Black Mirror: Bandersnatch,countdown_complete,BİLGİSAYARI PARÇALA,false,iOS,2019-02-05 17:22:03
nergiz,Black Mirror: Bandersnatch,countdown_complete,,false,iOS,2019-02-05 17:17:58
nergiz,Black Mirror: Bandersnatch,countdown_complete,,false,iOS,2019-02-05 17:17:28
nergiz,Black Mirror: Bandersnatch,countdown_complete,İLAÇLARI AL,false,iOS,2019-02-05 17:15:52
nergiz,Black Mirror: Bandersnatch,countdown_complete,TIRNAKLARINI YE,false,iOS,2019-02-05 17:14:19
nergiz,Black Mirror: Bandersnatch,countdown_complete,,false,iOS,2019-02-05 17:13:11
nergiz,Black Mirror: Bandersnatch,countdown_complete,BABANA BAĞIR,false,iOS,2019-02-05 17:11:40
nergiz,Black Mirror: Bandersnatch,countdown_complete,GERİ GİT,false,iOS,2019-02-05 17:11:10
nergiz,Black Mirror: Bandersnatch,countdown_complete,BİLGİSAYARIN ÜZERİNE ÇAY DÖK,false,iOS,2019-02-05 17:10:28
nergiz,Black Mirror: Bandersnatch,countdown_complete,PHAEDRA,false,iOS,2019-02-05 17:04:10
nergiz,Black Mirror: Bandersnatch,countdown_complete,,false,iOS,2019-02-05 17:01:53
nergiz,Black Mirror: Bandersnatch,countdown_complete,,false,iOS,2019-02-05 17:00:53
nergiz,Black Mirror: Bandersnatch,countdown_complete,,false,iOS,2019-02-05 16:55:36
nergiz,Black Mirror: Bandersnatch,countdown_complete,,false,iOS,2019-02-05 16:51:46
nergiz,Black Mirror: Bandersnatch,countdown_complete,THOMPSON TWINS,false,iOS,2019-02-05 16:47:11
nergiz,Black Mirror: Bandersnatch,countdown_interrupted,FROSTIES,false,iOS,2019-02-05 16:46:16
thanks bro,Black Mirror: Bandersnatch,countdown_interrupted,KARATE VURUŞU,false,www,2019-07-14 16:48:17
thanks bro,Black Mirror: Bandersnatch,countdown_interrupted,ONUNLA DÖVÜŞ,false,www,2019-07-14 16:47:44
thanks bro,Black Mirror: Bandersnatch,countdown_interrupted,,false,www,2019-07-14 16:47:21
thanks bro,Black Mirror: Bandersnatch,countdown_interrupted,KONUŞMAYI KES,false,www,2019-07-14 16:45:21
thanks bro,Black Mirror: Bandersnatch,countdown_interrupted,BİRAZ DAHA ANLAT,false,www,2019-07-14 16:44:55
thanks bro,Black Mirror: Bandersnatch,countdown_interrupted,NETFLIX 'N' LOGOSU,false,www,2019-07-14 16:44:25
thanks bro,Black Mirror: Bandersnatch,countdown_interrupted,,false,www,2019-07-14 16:43:41
thanks bro,Black Mirror: Bandersnatch,countdown_interrupted,,false,www,2019-07-14 16:42:48
thanks bro,Black Mirror: Bandersnatch,countdown_interrupted,,false,www,2019-07-14 16:40:48
thanks bro,Black Mirror: Bandersnatch,countdown_interrupted,MASAYA VUR,false,www,2019-07-14 16:39:53
thanks bro,Black Mirror: Bandersnatch,countdown_interrupted,,false,www,2019-07-14 16:36:36
thanks bro,Black Mirror: Bandersnatch,countdown_interrupted,,false,www,2019-07-14 16:36:16
thanks bro,Black Mirror: Bandersnatch,countdown_interrupted,İLAÇLARI AL,false,www,2019-07-14 16:34:48
thanks bro,Black Mirror: Bandersnatch,countdown_interrupted,TIRNAKLARINI YE,false,www,2019-07-14 16:33:16
thanks bro,Black Mirror: Bandersnatch,countdown_interrupted,,false,www,2019-07-14 16:32:07
thanks bro,Black Mirror: Bandersnatch,countdown_interrupted,BABANA BAĞIR,false,www,2019-07-14 16:30:36
thanks bro,Black Mirror: Bandersnatch,countdown_interrupted,PHAEDRA,false,www,2019-07-14 16:27:25
thanks bro,Black Mirror: Bandersnatch,countdown_interrupted,,false,www,2019-07-14 16:25:12
thanks bro,Black Mirror: Bandersnatch,countdown_interrupted,,false,www,2019-07-14 16:24:09
thanks bro,Black Mirror: Bandersnatch,countdown_interrupted,,false,www,2019-07-14 16:18:53
thanks bro,Black Mirror: Bandersnatch,countdown_interrupted,NOW 2,false,www,2019-07-14 16:14:16
thanks bro,Black Mirror: Bandersnatch,countdown_interrupted,SUGAR PUFFS,false,www,2019-07-14 16:13:21
thanks bro,Black Mirror: Bandersnatch,countdown_interrupted,PENCEREDEN KAÇMAYA ÇALIŞ,false,www,2019-07-14 16:08:43
thanks bro,Black Mirror: Bandersnatch,countdown_interrupted,,false,www,2019-07-14 16:08:22
thanks bro,Black Mirror: Bandersnatch,countdown_interrupted,BİRAZ DAHA ANLAT,false,www,2019-07-14 16:06:02
thanks bro,Black Mirror: Bandersnatch,countdown_interrupted,BİRAZ DAHA ANLAT,false,www,2019-07-14 16:05:38
thanks bro,Black Mirror: Bandersnatch,countdown_interrupted,NETFLIX 'N' LOGOSU,false,www,2019-07-14 16:05:08
thanks bro,Black Mirror: Bandersnatch,countdown_interrupted,,false,www,2019-07-14 16:04:26
thanks bro,Black Mirror: Bandersnatch,countdown_interrupted,,false,www,2019-07-14 16:01:51
thanks bro,Black Mirror: Bandersnatch,countdown_interrupted,MASAYA VUR,false,www,2019-07-14 16:00:59
thanks bro,Black Mirror: Bandersnatch,countdown_interrupted,,false,www,2019-07-14 15:56:29
thanks bro,Black Mirror: Bandersnatch,countdown_interrupted,KULAĞINLA OYNA,false,www,2019-07-14 15:54:57
thanks bro,Black Mirror: Bandersnatch,countdown_interrupted,COLIN,false,www,2019-07-14 15:52:33
thanks bro,Black Mirror: Bandersnatch,countdown_interrupted,HAYIR,false,www,2019-07-14 15:48:00
thanks bro,Black Mirror: Bandersnatch,countdown_interrupted,,false,www,2019-07-14 15:44:32
thanks bro,Black Mirror: Bandersnatch,countdown_interrupted,BABANA BAĞIR,false,www,2019-07-14 15:43:02
thanks bro,Black Mirror: Bandersnatch,countdown_interrupted,,false,www,2019-07-14 15:41:11
thanks bro,Black Mirror: Bandersnatch,countdown_interrupted,ANNENDEN BAHSET,false,www,2019-07-14 15:39:46
thanks bro,Black Mirror: Bandersnatch,countdown_interrupted,BİLGİSAYARIN ÜZERİNE ÇAY DÖK,false,www,2019-07-14 15:39:21
thanks bro,Black Mirror: Bandersnatch,countdown_interrupted,THE BERMUDA TRIANGLE,false,www,2019-07-14 15:36:10
thanks bro,Black Mirror: Bandersnatch,countdown_interrupted,,false,www,2019-07-14 15:34:57
thanks bro,Black Mirror: Bandersnatch,countdown_interrupted,HAYIR,false,www,2019-07-14 15:34:26
thanks bro,Black Mirror: Bandersnatch,countdown_interrupted,,false,www,2019-07-14 15:29:07
thanks bro,Black Mirror: Bandersnatch,countdown_interrupted,,false,www,2019-07-14 15:24:57
thanks bro,Black Mirror: Bandersnatch,countdown_interrupted,THOMPSON TWINS,false,www,2019-07-14 15:20:06
thanks bro,Black Mirror: Bandersnatch,countdown_interrupted,FROSTIES,false,www,2019-07-14 15:19:13
thanks bro,Black Mirror: Bandersnatch,countdown_interrupted,,false,www,2019-06-03 17:07:25
thanks bro,Black Mirror: Bandersnatch,countdown_interrupted,,false,www,2019-06-03 17:03:00
thanks bro,Black Mirror: Bandersnatch,countdown_interrupted,HAYIR,false,www,2019-06-03 17:02:28
thanks bro,Black Mirror: Bandersnatch,countdown_interrupted,,false,www,2019-06-03 16:59:00
thanks bro,Black Mirror: Bandersnatch,countdown_interrupted,THOMPSON TWINS,false,www,2019-06-03 16:57:31
thanks bro,Black Mirror: Bandersnatch,countdown_interrupted,FROSTIES,false,www,2019-06-03 16:56:32
thanks bro,Black Mirror: Bandersnatch,countdown_interrupted,,false,www,2019-06-02 22:45:47
thanks bro,Black Mirror: Bandersnatch,countdown_interrupted,,true,www,2019-06-02 22:43:05
thanks bro,Black Mirror: Bandersnatch,countdown_interrupted,,false,www,2019-06-02 22:42:20
thanks bro,Black Mirror: Bandersnatch,countdown_interrupted,KARATE VURUŞU,false,www,2019-06-02 22:38:11
thanks bro,Black Mirror: Bandersnatch,countdown_interrupted,ONUNLA DÖVÜŞ,false,www,2019-06-02 22:37:37
thanks bro,Black Mirror: Bandersnatch,countdown_interrupted,,false,www,2019-06-02 22:37:19
thanks bro,Black Mirror: Bandersnatch,countdown_interrupted,BİRAZ DAHA ANLAT,false,www,2019-06-02 22:34:50
thanks bro,Black Mirror: Bandersnatch,countdown_interrupted,BİRAZ DAHA ANLAT,false,www,2019-06-02 22:34:28
thanks bro,Black Mirror: Bandersnatch,countdown_interrupted,NETFLIX 'N' LOGOSU,false,www,2019-06-02 22:33:58
thanks bro,Black Mirror: Bandersnatch,countdown_interrupted,,false,www,2019-06-02 22:30:43
thanks bro,Black Mirror: Bandersnatch,countdown_interrupted,,false,www,2019-06-02 22:28:31
thanks bro,Black Mirror: Bandersnatch,countdown_interrupted,,false,www,2019-06-02 22:27:19
thanks bro,Black Mirror: Bandersnatch,countdown_interrupted,,false,www,2019-06-02 22:19:08
thanks bro,Black Mirror: Bandersnatch,countdown_interrupted,HİÇBİR FİKRİM YOK,false,www,2019-06-02 22:14:44
thanks bro,Black Mirror: Bandersnatch,countdown_interrupted,HAYIR,false,www,2019-06-02 22:12:51
thanks bro,Black Mirror: Bandersnatch,countdown_interrupted,,false,www,2019-06-02 22:12:04
thanks bro,Black Mirror: Bandersnatch,countdown_interrupted,BABANI ÖLDÜR,false,www,2019-06-02 22:11:02
thanks bro,Black Mirror: Bandersnatch,countdown_interrupted,,false,www,2019-06-02 22:10:12
thanks bro,Black Mirror: Bandersnatch,countdown_interrupted,,false,www,2019-06-02 22:09:28
thanks bro,Black Mirror: Bandersnatch,countdown_interrupted,,false,www,2019-06-02 22:05:32
thanks bro,Black Mirror: Bandersnatch,countdown_interrupted,,false,www,2019-06-02 22:03:33
thanks bro,Black Mirror: Bandersnatch,countdown_interrupted,MASAYA VUR,false,www,2019-06-02 22:02:40
thanks bro,Black Mirror: Bandersnatch,countdown_interrupted,,false,www,2019-06-02 21:58:07
thanks bro,Black Mirror: Bandersnatch,countdown_interrupted,COLIN,false,www,2019-06-02 21:56:04
thanks bro,Black Mirror: Bandersnatch,countdown_interrupted,EVET,false,www,2019-06-02 21:51:37
thanks bro,Black Mirror: Bandersnatch,countdown_interrupted,,false,www,2019-06-02 21:48:13
thanks bro,Black Mirror: Bandersnatch,countdown_interrupted,,false,www,2019-06-02 21:45:57
thanks bro,Black Mirror: Bandersnatch,countdown_interrupted,ANNENDEN BAHSET,false,www,2019-06-02 21:44:32
thanks bro,Black Mirror: Bandersnatch,countdown_interrupted,İLAÇLARI AL,false,www,2019-06-02 21:43:09
thanks bro,Black Mirror: Bandersnatch,countdown_interrupted,KULAĞINLA OYNA,false,www,2019-06-02 21:41:35
thanks bro,Black Mirror: Bandersnatch,countdown_interrupted,,false,www,2019-06-02 21:40:18
thanks bro,Black Mirror: Bandersnatch,countdown_interrupted,BABANA BAĞIR,false,www,2019-06-02 21:38:51
thanks bro,Black Mirror: Bandersnatch,countdown_interrupted,PHAEDRA,false,www,2019-06-02 21:35:13
thanks bro,Black Mirror: Bandersnatch,countdown_interrupted,,false,www,2019-06-02 21:34:00
thanks bro,Black Mirror: Bandersnatch,countdown_interrupted,HAYIR,false,www,2019-06-02 21:33:32
thanks bro,Black Mirror: Bandersnatch,countdown_interrupted,,false,www,2019-06-02 21:27:59
thanks bro,Black Mirror: Bandersnatch,countdown_interrupted,GERİ GİT,false,www,2019-06-02 21:27:31
thanks bro,Black Mirror: Bandersnatch,countdown_interrupted,,false,www,2019-06-02 21:26:50
thanks bro,Black Mirror: Bandersnatch,countdown_interrupted,,false,www,2019-06-02 21:23:02
thanks bro,Black Mirror: Bandersnatch,countdown_interrupted,NOW 2,false,www,2019-06-02 21:18:27
thanks bro,Black Mirror: Bandersnatch,countdown_interrupted,SUGAR PUFFS,false,www,2019-06-02 21:17:30
thanks bro,Black Mirror: Bandersnatch,countdown_interrupted,,false,www,2019-06-02 21:15:04
