Esn,Localized Device Description,Device Description,Ip,Country,Region Code Display Name,Near Location,Ts
NFAPPL-02-IPHONE12=1-99D91FC439DFE9C725128390466C03F45BA6AD65A14AF2405A7D532BEE6755F8,APPLE_iPhone12-1,APPLE_iPhone12-1,82.222.97.8,TR,Istanbul,GUVERCINTEPE MAH.,2023-02-22 16:01:40
NFAPPL-02-IPHONE12=1-99D91FC439DFE9C725128390466C03F45BA6AD65A14AF2405A7D532BEE6755F8,APPLE_iPhone12-1,APPLE_iPhone12-1,85.153.206.207,TR,Tekirdag,CORLU,2023-05-12 15:30:01
NFAPPL-02-IPHONE12=1-99D91FC439DFE9C725128390466C03F45BA6AD65A14AF2405A7D532BEE6755F8,APPLE_iPhone12-1,APPLE_iPhone12-1,85.153.202.23,TR,Istanbul,ZUHURATBABA,2023-02-25 18:30:33
NFAPPL-02-IPHONE12=1-99D91FC439DFE9C725128390466C03F45BA6AD65A14AF2405A7D532BEE6755F8,APPLE_iPhone12-1,APPLE_iPhone12-1,85.153.203.59,TR,Istanbul,HALKALI,2023-03-11 22:01:34
NFAPPL-02-IPHONE12=1-99D91FC439DFE9C725128390466C03F45BA6AD65A14AF2405A7D532BEE6755F8,APPLE_iPhone12-1,APPLE_iPhone12-1,94.235.164.92,TR,Istanbul,AKSARAY MAH.,2023-03-08 22:28:45
NFAPPL-02-IPHONE12=1-99D91FC439DFE9C725128390466C03F45BA6AD65A14AF2405A7D532BEE6755F8,APPLE_iPhone12-1,APPLE_iPhone12-1,85.153.205.220,TR,Istanbul,KONAKLAR MAH.,2023-02-12 22:45:49
NFAPPL-02-IPHONE12=1-99D91FC439DFE9C725128390466C03F45BA6AD65A14AF2405A7D532BEE6755F8,APPLE_iPhone12-1,APPLE_iPhone12-1,85.153.205.220,TR,Tekirdag,DEGIRMENALTI MAH.,2023-02-15 16:56:11
NFAPPL-02-IPHONE12=1-99D91FC439DFE9C725128390466C03F45BA6AD65A14AF2405A7D532BEE6755F8,APPLE_iPhone12-1,APPLE_iPhone12-1,212.253.112.77,TR,Istanbul,MERKEZ MAH.,2023-03-04 01:35:57
NFAPPL-02-IPHONE12=1-99D91FC439DFE9C725128390466C03F45BA6AD65A14AF2405A7D532BEE6755F8,APPLE_iPhone12-1,APPLE_iPhone12-1,159.20.68.5,TR,Istanbul,ORHANLI,2023-03-08 22:29:07
NFAPPL-02-IPHONE12=1-99D91FC439DFE9C725128390466C03F45BA6AD65A14AF2405A7D532BEE6755F8,APPLE_iPhone12-1,APPLE_iPhone12-1,5.176.143.160,TR,Kirikkale,AKSEMSETTIN MAH.,2023-05-13 04:00:05
NFAPPL-02-IPHONE12=1-99D91FC439DFE9C725128390466C03F45BA6AD65A14AF2405A7D532BEE6755F8,APPLE_iPhone12-1,APPLE_iPhone12-1,151.135.10.224,TR,Istanbul,YAKACIK,2023-04-19 15:50:53
NFAPPL-02-IPHONE15=3-10B3F45254A9E99502239F1715974CF2E26B6D91BED1771FC54D40810D6B4F2E,APPLE_iPhone15-3,APPLE_iPhone15-3,178.246.161.102,TR,Tekirdag,CUMHURIYET MAH.,2023-11-11 14:30:53
NFAPPL-02-IPHONE15=3-10B3F45254A9E99502239F1715974CF2E26B6D91BED1771FC54D40810D6B4F2E,APPLE_iPhone15-3,APPLE_iPhone15-3,188.119.39.246,TR,Istanbul,FETIHTEPE MAH.,2023-07-07 20:23:36
NFAPPL-02-IPHONE15=3-10B3F45254A9E99502239F1715974CF2E26B6D91BED1771FC54D40810D6B4F2E,APPLE_iPhone15-3,APPLE_iPhone15-3,178.240.33.19,TR,Istanbul,CUMHURIYET MAH.,2023-03-25 10:42:53
NFAPPL-02-IPHONE15=3-10B3F45254A9E99502239F1715974CF2E26B6D91BED1771FC54D40810D6B4F2E,APPLE_iPhone15-3,APPLE_iPhone15-3,188.119.61.143,TR,Istanbul,FETIHTEPE MAH.,2023-07-22 00:32:26
NFCDCH-02-KE6YNGC7P4QVK0YTVWGYKX673R1RYC,chrome-cadmium,chrome-cadmium,95.0.206.241,TR,Istanbul,ISTANBUL,2023-08-09 11:49:05
NFCDCH-02-KKDV1YD1E2861YVAGVTHGF3V74Y49C,chrome-cadmium,chrome-cadmium,95.0.206.241,TR,Istanbul,ISTANBUL,2023-10-11 09:35:45
NFCDCH-02-KKU1CRFKE8D735WVRRVKWC5H6WPGE8,chrome-cadmium,chrome-cadmium,95.0.206.241,TR,Istanbul,ISTANBUL,2023-10-16 09:42:59
NFCDCH-02-KKWWJRAD7Y8J5AQW85YX3R2G00MW3D,chrome-cadmium,chrome-cadmium,95.0.206.241,TR,Istanbul,ISTANBUL,2023-10-17 11:39:35
NFAPPL-01-IPAD12=1-28A576F492E06E8D0B24ABE5A704EAA2E987481C4AF2DD0E809FE30583876222,APPLE_iPad12-1,APPLE_iPad12-1,82.222.97.8,TR,Istanbul,GUVERCINTEPE MAH.,2023-02-22 18:27:24
NFAPPL-01-IPAD12=1-28A576F492E06E8D0B24ABE5A704EAA2E987481C4AF2DD0E809FE30583876222,APPLE_iPad12-1,APPLE_iPad12-1,212.253.113.214,TR,Istanbul,MERKEZ MAH.,2023-07-15 13:36:44
NFAPPL-01-IPAD12=1-28A576F492E06E8D0B24ABE5A704EAA2E987481C4AF2DD0E809FE30583876222,APPLE_iPad12-1,APPLE_iPad12-1,85.153.204.0,TR,Istanbul,MERKEZ MAH.,2023-07-02 19:50:25
NFAPPL-01-IPAD12=1-28A576F492E06E8D0B24ABE5A704EAA2E987481C4AF2DD0E809FE30583876222,APPLE_iPad12-1,APPLE_iPad12-1,85.153.201.233,TR,Istanbul,HAMIDIYE MAH.,2023-06-27 22:04:53
NFAPPL-01-IPAD12=1-28A576F492E06E8D0B24ABE5A704EAA2E987481C4AF2DD0E809FE30583876222,APPLE_iPad12-1,APPLE_iPad12-1,212.253.113.133,TR,Istanbul,KOCASINAN,2023-06-28 02:26:44
NFAPPL-01-IPAD12=1-28A576F492E06E8D0B24ABE5A704EAA2E987481C4AF2DD0E809FE30583876222,APPLE_iPad12-1,APPLE_iPad12-1,82.222.99.29,TR,Istanbul,ISKENDERPASA MAH.,2023-07-05 21:31:47
NFAPPL-01-IPAD12=1-28A576F492E06E8D0B24ABE5A704EAA2E987481C4AF2DD0E809FE30583876222,APPLE_iPad12-1,APPLE_iPad12-1,85.153.200.65,TR,Istanbul,KAGITHANE,2023-09-19 17:34:28
NFAPPL-01-IPAD12=1-28A576F492E06E8D0B24ABE5A704EAA2E987481C4AF2DD0E809FE30583876222,APPLE_iPad12-1,APPLE_iPad12-1,85.153.202.58,TR,Istanbul,CINAR MAH.,2023-09-20 19:19:08
NFAPPL-01-IPAD12=1-28A576F492E06E8D0B24ABE5A704EAA2E987481C4AF2DD0E809FE30583876222,APPLE_iPad12-1,APPLE_iPad12-1,82.222.96.125,TR,Istanbul,MALTEPE MAH.,2023-07-21 15:07:25
NFAPPL-02-IPHONE12=8-0C7A25590B76F4D5A93B61AD9C5A70F7039A5343E8B1639CCEEDFC8D2DB5C8FA,APPLE_iPhone12-8,APPLE_iPhone12-8,85.153.206.71,TR,Istanbul,KATIPKASIM MAH.,2023-11-04 14:35:34
NFAPPL-02-IPHONE12=8-0C7A25590B76F4D5A93B61AD9C5A70F7039A5343E8B1639CCEEDFC8D2DB5C8FA,APPLE_iPhone12-8,APPLE_iPhone12-8,5.46.152.243,TR,Istanbul,YAKUPLU,2023-11-04 11:55:32
NFAPPL-02-IPHONE12=8-0C7A25590B76F4D5A93B61AD9C5A70F7039A5343E8B1639CCEEDFC8D2DB5C8FA,APPLE_iPhone12-8,APPLE_iPhone12-8,82.222.96.39,TR,Istanbul,MERKEZ MAH.,2023-09-11 18:14:08
NFCDCH-02-K1EDVY9R5LVV7E1HVDD139LCH7JU7J,chrome-cadmium,chrome-cadmium,95.0.206.241,TR,Istanbul,ISTANBUL,2023-03-19 08:21:44
NFCDCH-02-KE11T5M6C18C6F0N0E0KUQV0NM9LW3,chrome-cadmium,chrome-cadmium,95.0.206.241,TR,Istanbul,ISTANBUL,2023-08-07 05:55:26
NFCDCH-02-KHQYC1Q30RMJY77L78D9ULND9FE0EP,chrome-cadmium,chrome-cadmium,95.0.206.241,TR,Istanbul,ISTANBUL,2023-09-21 08:06:48
NFPS5-001-3ZHM8FLAJGNW2L6URLMFT6LQPD,PS5 Gemini,PS5 Gemini,188.119.39.246,TR,Istanbul,FETIHTEPE MAH.,2023-07-07 15:54:57
NFPS5-001-3ZHM8FLAJGNW2L6URLMFT6LQPD,PS5 Gemini,PS5 Gemini,188.119.61.165,TR,Istanbul,KULTUR MAH.,2023-06-16 22:21:31
NFPS5-001-3ZHM8FLAJGNW2L6URLMFT6LQPD,PS5 Gemini,PS5 Gemini,188.119.61.143,TR,Istanbul,FETIHTEPE MAH.,2023-07-16 09:50:11
NFPS5-001-3ZHM8FLAJGNW2L6URLMFT6LQPD,PS5 Gemini,PS5 Gemini,188.119.60.14,TR,Istanbul,MERKEZ MAH.,2023-05-06 15:26:16
NFPS5-001-3ZHM8FLAJGNW2L6URLMFT6LQPD,PS5 Gemini,PS5 Gemini,188.119.39.246,TR,Istanbul,TARABYA,2023-07-12 16:30:38
NFPS5-001-3ZHM8FLAJGNW2L6URLMFT6LQPD,PS5 Gemini,PS5 Gemini,188.119.39.199,TR,Istanbul,HAMIDIYE MAH.,2023-07-28 20:16:11
NFPS5-001-3ZHM8FLAJGNW2L6URLMFT6LQPD,PS5 Gemini,PS5 Gemini,188.119.39.242,TR,Istanbul,CUMHURIYET MAH.,2023-08-03 17:39:06
NFPS5-001-3ZHM8FLAJGNW2L6URLMFT6LQPD,PS5 Gemini,PS5 Gemini,188.119.60.167,TR,Istanbul,FETIHTEPE MAH.,2023-04-30 18:09:10
NFPS5-001-3ZHM8FLAJGNW2L6URLMFT6LQPD,PS5 Gemini,PS5 Gemini,188.119.61.165,TR,Istanbul,GURSEL MAH.,2023-06-11 14:18:03
NFPS5-001-3ZHM8FLAJGNW2L6URLMFT6LQPD,PS5 Gemini,PS5 Gemini,188.119.40.175,TR,Istanbul,MESRUTIYET MAH.,2023-08-07 17:38:15
NFPS5-001-3ZHM8FLAJGNW2L6URLMFT6LQPD,PS5 Gemini,PS5 Gemini,188.119.39.66,TR,Istanbul,DUATEPE MAH.,2023-03-23 19:50:36
NFUWA-001-3B354A89C7FE6AA8DAD9C66A807007C75D8DE777E36A2B4642EFB909696EF068,windows-uwa,windows-uwa,85.153.204.63,TR,Istanbul,BASAK MAH.,2023-10-08 13:30:48
NFUWA-001-3B354A89C7FE6AA8DAD9C66A807007C75D8DE777E36A2B4642EFB909696EF068,windows-uwa,windows-uwa,82.222.97.145,TR,Tekirdag,VAKIFLAR,2023-09-10 19:20:27
NFUWA-001-3B354A89C7FE6AA8DAD9C66A807007C75D8DE777E36A2B4642EFB909696EF068,windows-uwa,windows-uwa,188.119.39.66,TR,Istanbul,DUATEPE MAH.,2023-04-26 20:24:08
NFAPPL-01-IPAD13=16-EAE1927974EDF83B1E5D01AC6E2B2F4CA4D24D438C956502010C771FD9840584,APPLE_iPad13-16,APPLE_iPad13-16,178.240.15.61,TR,Edirne,ISPAT CAMI MAH.,2023-10-15 14:15:17
NFAPPL-01-IPAD13=16-EAE1927974EDF83B1E5D01AC6E2B2F4CA4D24D438C956502010C771FD9840584,APPLE_iPad13-16,APPLE_iPad13-16,85.153.206.71,TR,Istanbul,KATIPKASIM MAH.,2023-11-10 21:51:06
NFAPPL-01-IPAD13=16-EAE1927974EDF83B1E5D01AC6E2B2F4CA4D24D438C956502010C771FD9840584,APPLE_iPad13-16,APPLE_iPad13-16,178.240.31.68,TR,Istanbul,FATIH MAH.,2023-10-21 21:44:54
NFAPPL-01-IPAD13=16-EAE1927974EDF83B1E5D01AC6E2B2F4CA4D24D438C956502010C771FD9840584,APPLE_iPad13-16,APPLE_iPad13-16,91.93.230.136,TR,Tekirdag,VAKIFLAR,2023-10-25 09:54:46
NFAPPL-01-IPAD13=16-EAE1927974EDF83B1E5D01AC6E2B2F4CA4D24D438C956502010C771FD9840584,APPLE_iPad13-16,APPLE_iPad13-16,2a02:a03f:e985:5000:1143:c0b2:6991:8f0,BE,Oost-vlaanderen,GENT,2023-09-05 01:10:37
NFAPPL-01-IPAD13=16-EAE1927974EDF83B1E5D01AC6E2B2F4CA4D24D438C956502010C771FD9840584,APPLE_iPad13-16,APPLE_iPad13-16,178.243.254.34,TR,Tekirdag,CUMHURIYET MAH.,2023-09-15 21:34:43
NFCDCH-02-JRLYMCEE7NQ53M0K11KR1GV4R0W2M2,chrome-cadmium,chrome-cadmium,24.133.129.163,TR,Istanbul,HAMIDIYE MAH.,2023-12-05 15:48:33
NFCDCH-02-JRLYMCEE7NQ53M0K11KR1GV4R0W2M2,chrome-cadmium,chrome-cadmium,24.133.129.163,TR,Istanbul,HAMIDIYE MAH.,2023-12-07 01:05:44
NFCDCH-02-JRLYMCEE7NQ53M0K11KR1GV4R0W2M2,chrome-cadmium,chrome-cadmium,24.133.129.100,TR,Istanbul,SISLI,2023-11-07 12:26:33
NFCDCH-02-JRLYMCEE7NQ53M0K11KR1GV4R0W2M2,chrome-cadmium,chrome-cadmium,24.133.129.120,TR,Istanbul,ISTINYE,2023-03-08 11:01:26
NFCDCH-02-JRLYMCEE7NQ53M0K11KR1GV4R0W2M2,chrome-cadmium,chrome-cadmium,24.133.129.120,TR,Istanbul,SISLI,2023-02-18 16:55:08
NFCDCH-02-JRLYMCEE7NQ53M0K11KR1GV4R0W2M2,chrome-cadmium,chrome-cadmium,24.133.129.120,TR,Istanbul,ESENTEPE MAH.,2023-08-01 22:29:42
NFCDCH-02-JYZMP7NVMD0CTJ22AP7N1ATA67QD5C,chrome-cadmium,chrome-cadmium,95.0.206.241,TR,Istanbul,ISTANBUL,2023-02-17 19:20:17
NFCDCH-02-KCTFE0DF3XMUT63CRUDKFE0VH6RLT3,chrome-cadmium,chrome-cadmium,95.0.206.241,TR,Istanbul,ISTANBUL,2023-07-23 05:25:36
NFCDCH-02-KGXT7ZKEL30Q42U4TU1XE0L76XPL39,chrome-cadmium,chrome-cadmium,95.0.206.241,TR,Istanbul,ISTANBUL,2023-09-11 10:03:50
NFCDCH-02-KHKQ8A2Y0J3VKTKM7TLL5UTETNMM4U,chrome-cadmium,chrome-cadmium,95.0.206.241,TR,Istanbul,ISTANBUL,2023-09-19 08:35:29
NFCDCH-02-KE9CUUYCX2M9FL8YGA4GTNQMRP64VU,chrome-cadmium,chrome-cadmium,95.0.206.241,TR,Istanbul,ISTANBUL,2023-08-10 09:35:57
NFAPPL-01-IPAD13=16-26D9A230F744819A88C005D8F68C4AD4C4F95F19C6FB09F94CAC888CFB49B2CB,APPLE_iPad13-16,APPLE_iPad13-16,82.222.99.79,TR,Istanbul,ISKENDERPASA MAH.,2023-08-04 23:59:37
NFAPPL-01-IPAD13=16-26D9A230F744819A88C005D8F68C4AD4C4F95F19C6FB09F94CAC888CFB49B2CB,APPLE_iPad13-16,APPLE_iPad13-16,188.119.60.14,TR,Istanbul,MERKEZ MAH.,2023-05-18 19:51:29
NFAPPL-01-IPAD13=16-26D9A230F744819A88C005D8F68C4AD4C4F95F19C6FB09F94CAC888CFB49B2CB,APPLE_iPad13-16,APPLE_iPad13-16,82.222.99.146,TR,Istanbul,GOKTURK,2023-06-08 22:01:20
NFAPPL-01-IPAD13=16-26D9A230F744819A88C005D8F68C4AD4C4F95F19C6FB09F94CAC888CFB49B2CB,APPLE_iPad13-16,APPLE_iPad13-16,78.186.50.73,TR,Istanbul,HUZUR MAH.,2023-03-04 18:14:53
NFAPPL-01-IPAD13=16-26D9A230F744819A88C005D8F68C4AD4C4F95F19C6FB09F94CAC888CFB49B2CB,APPLE_iPad13-16,APPLE_iPad13-16,188.119.40.175,TR,Istanbul,MESRUTIYET MAH.,2023-08-09 13:33:37
NFAPPL-01-IPAD13=16-26D9A230F744819A88C005D8F68C4AD4C4F95F19C6FB09F94CAC888CFB49B2CB,APPLE_iPad13-16,APPLE_iPad13-16,188.119.39.246,TR,Istanbul,FETIHTEPE MAH.,2023-07-08 01:09:51
NFAPPL-01-IPAD13=16-26D9A230F744819A88C005D8F68C4AD4C4F95F19C6FB09F94CAC888CFB49B2CB,APPLE_iPad13-16,APPLE_iPad13-16,85.153.201.229,TR,Istanbul,MERKEZ MAH.,2023-06-03 23:40:47
NFAPPL-01-IPAD5=3-0DDB908CEF28654CB6B03CCD4ADCB621CB1F8602F11A91F5302FFD8025B97A82,iPad Air 2 WiFi,iPad Air 2 WiFi,85.153.200.121,TR,Istanbul,MADEN MAH.,2023-04-06 19:00:49
NFAPPL-01-IPAD5=3-0DDB908CEF28654CB6B03CCD4ADCB621CB1F8602F11A91F5302FFD8025B97A82,iPad Air 2 WiFi,iPad Air 2 WiFi,85.153.205.230,TR,Istanbul,BASAK MAH.,2023-10-23 17:32:46
NFAPPL-01-IPAD5=3-0DDB908CEF28654CB6B03CCD4ADCB621CB1F8602F11A91F5302FFD8025B97A82,iPad Air 2 WiFi,iPad Air 2 WiFi,85.153.206.115,TR,Istanbul,KONAKLAR MAH.,2023-07-31 20:00:27
NFAPPL-01-IPAD5=3-0DDB908CEF28654CB6B03CCD4ADCB621CB1F8602F11A91F5302FFD8025B97A82,iPad Air 2 WiFi,iPad Air 2 WiFi,85.153.207.147,TR,Istanbul,BASAK MAH.,2023-11-23 18:40:17
NFAPPL-01-IPAD5=3-0DDB908CEF28654CB6B03CCD4ADCB621CB1F8602F11A91F5302FFD8025B97A82,iPad Air 2 WiFi,iPad Air 2 WiFi,85.153.204.112,TR,Istanbul,HALKALI,2023-07-20 18:08:38
NFAPPL-01-IPAD5=3-0DDB908CEF28654CB6B03CCD4ADCB621CB1F8602F11A91F5302FFD8025B97A82,iPad Air 2 WiFi,iPad Air 2 WiFi,85.153.207.4,TR,Istanbul,MERKEZ MAH.,2023-06-10 04:02:53
NFAPPL-01-IPAD5=3-0DDB908CEF28654CB6B03CCD4ADCB621CB1F8602F11A91F5302FFD8025B97A82,iPad Air 2 WiFi,iPad Air 2 WiFi,82.222.98.248,TR,Tekirdag,ATATURK MAH.,2023-03-28 20:12:14
NFAPPL-01-IPAD5=3-0DDB908CEF28654CB6B03CCD4ADCB621CB1F8602F11A91F5302FFD8025B97A82,iPad Air 2 WiFi,iPad Air 2 WiFi,85.153.203.109,TR,Tekirdag,ATATURK MAH.,2023-10-30 17:15:51
NFAPPL-01-IPAD5=3-0DDB908CEF28654CB6B03CCD4ADCB621CB1F8602F11A91F5302FFD8025B97A82,iPad Air 2 WiFi,iPad Air 2 WiFi,85.153.201.123,TR,Istanbul,GUVERCINTEPE MAH.,2023-05-16 16:09:26
NFAPPL-01-IPAD5=3-0DDB908CEF28654CB6B03CCD4ADCB621CB1F8602F11A91F5302FFD8025B97A82,iPad Air 2 WiFi,iPad Air 2 WiFi,82.222.98.235,TR,Istanbul,SILIVRI,2023-05-07 20:37:51
NFAPPL-01-IPAD5=3-0DDB908CEF28654CB6B03CCD4ADCB621CB1F8602F11A91F5302FFD8025B97A82,iPad Air 2 WiFi,iPad Air 2 WiFi,82.222.99.151,TR,Istanbul,CEBECI MAH.,2023-05-26 19:40:58
NFAPPL-01-IPAD5=3-0DDB908CEF28654CB6B03CCD4ADCB621CB1F8602F11A91F5302FFD8025B97A82,iPad Air 2 WiFi,iPad Air 2 WiFi,85.153.202.174,TR,Istanbul,KARAGUMRUK,2023-10-18 16:21:45
NFAPPL-01-IPAD5=3-0DDB908CEF28654CB6B03CCD4ADCB621CB1F8602F11A91F5302FFD8025B97A82,iPad Air 2 WiFi,iPad Air 2 WiFi,85.153.207.133,TR,Istanbul,HARMANTEPE MAH.,2023-06-07 19:43:33
NFAPPL-01-IPAD5=3-0DDB908CEF28654CB6B03CCD4ADCB621CB1F8602F11A91F5302FFD8025B97A82,iPad Air 2 WiFi,iPad Air 2 WiFi,85.153.205.220,TR,Tekirdag,DEGIRMENALTI MAH.,2023-02-18 18:53:21
NFAPPL-01-IPAD5=3-0DDB908CEF28654CB6B03CCD4ADCB621CB1F8602F11A91F5302FFD8025B97A82,iPad Air 2 WiFi,iPad Air 2 WiFi,82.222.99.79,TR,Istanbul,ISKENDERPASA MAH.,2023-08-07 14:41:27
NFAPPL-01-IPAD5=3-0DDB908CEF28654CB6B03CCD4ADCB621CB1F8602F11A91F5302FFD8025B97A82,iPad Air 2 WiFi,iPad Air 2 WiFi,212.253.112.134,TR,Istanbul,HAMIDIYE MAH.,2023-10-05 16:11:24
NFAPPL-01-IPAD5=3-0DDB908CEF28654CB6B03CCD4ADCB621CB1F8602F11A91F5302FFD8025B97A82,iPad Air 2 WiFi,iPad Air 2 WiFi,82.222.99.225,TR,Istanbul,COBANCESME MAH.,2023-06-06 19:16:45
NFAPPL-01-IPAD5=3-0DDB908CEF28654CB6B03CCD4ADCB621CB1F8602F11A91F5302FFD8025B97A82,iPad Air 2 WiFi,iPad Air 2 WiFi,85.153.206.169,TR,Istanbul,EMNIYETEVLERI MAH.,2023-04-24 19:56:13
NFAPPL-01-IPAD5=3-0DDB908CEF28654CB6B03CCD4ADCB621CB1F8602F11A91F5302FFD8025B97A82,iPad Air 2 WiFi,iPad Air 2 WiFi,82.222.96.125,TR,Istanbul,MALTEPE MAH.,2023-07-21 16:03:59
NFAPPL-01-IPAD5=3-0DDB908CEF28654CB6B03CCD4ADCB621CB1F8602F11A91F5302FFD8025B97A82,iPad Air 2 WiFi,iPad Air 2 WiFi,85.153.200.243,TR,Istanbul,FATIH MAH.,2023-10-21 20:01:01
NFAPPL-01-IPAD5=3-0DDB908CEF28654CB6B03CCD4ADCB621CB1F8602F11A91F5302FFD8025B97A82,iPad Air 2 WiFi,iPad Air 2 WiFi,82.222.99.7,TR,Tekirdag,CORLU,2023-06-29 06:32:40
NFAPPL-01-IPAD5=3-0DDB908CEF28654CB6B03CCD4ADCB621CB1F8602F11A91F5302FFD8025B97A82,iPad Air 2 WiFi,iPad Air 2 WiFi,85.153.206.71,TR,Istanbul,BASAK MAH.,2023-11-13 19:44:19
NFAPPL-01-IPAD5=3-0DDB908CEF28654CB6B03CCD4ADCB621CB1F8602F11A91F5302FFD8025B97A82,iPad Air 2 WiFi,iPad Air 2 WiFi,85.153.207.120,TR,Istanbul,HAMIDIYE MAH.,2023-07-13 17:19:32
NFAPPL-01-IPAD5=3-0DDB908CEF28654CB6B03CCD4ADCB621CB1F8602F11A91F5302FFD8025B97A82,iPad Air 2 WiFi,iPad Air 2 WiFi,212.253.112.49,TR,Istanbul,IKITELLI,2023-04-08 21:20:08
NFAPPL-01-IPAD5=3-0DDB908CEF28654CB6B03CCD4ADCB621CB1F8602F11A91F5302FFD8025B97A82,iPad Air 2 WiFi,iPad Air 2 WiFi,85.153.207.235,TR,Istanbul,HALKALI,2023-10-24 15:08:38
NFAPPL-01-IPAD5=3-0DDB908CEF28654CB6B03CCD4ADCB621CB1F8602F11A91F5302FFD8025B97A82,iPad Air 2 WiFi,iPad Air 2 WiFi,82.222.99.144,TR,Istanbul,KARADOLAP MAH.,2023-03-30 20:12:53
NFAPPL-01-IPAD5=3-0DDB908CEF28654CB6B03CCD4ADCB621CB1F8602F11A91F5302FFD8025B97A82,iPad Air 2 WiFi,iPad Air 2 WiFi,85.153.203.172,TR,Istanbul,BASAK MAH.,2023-10-03 17:29:44
NFAPPL-01-IPAD5=3-0DDB908CEF28654CB6B03CCD4ADCB621CB1F8602F11A91F5302FFD8025B97A82,iPad Air 2 WiFi,iPad Air 2 WiFi,85.153.205.255,TR,Istanbul,YENIBOSNA,2023-04-28 19:58:18
NFAPPL-01-IPAD5=3-0DDB908CEF28654CB6B03CCD4ADCB621CB1F8602F11A91F5302FFD8025B97A82,iPad Air 2 WiFi,iPad Air 2 WiFi,212.253.112.77,TR,Istanbul,BIRLIK MAH.,2023-03-08 19:15:07
NFAPPL-01-IPAD5=3-0DDB908CEF28654CB6B03CCD4ADCB621CB1F8602F11A91F5302FFD8025B97A82,iPad Air 2 WiFi,iPad Air 2 WiFi,212.253.113.139,TR,Istanbul,KUCUKCEKMECE,2023-06-02 16:33:25
NFAPPL-01-IPAD5=3-0DDB908CEF28654CB6B03CCD4ADCB621CB1F8602F11A91F5302FFD8025B97A82,iPad Air 2 WiFi,iPad Air 2 WiFi,82.222.96.169,TR,Istanbul,GUVERCINTEPE MAH.,2023-05-03 14:35:03
NFAPPL-01-IPAD5=3-0DDB908CEF28654CB6B03CCD4ADCB621CB1F8602F11A91F5302FFD8025B97A82,iPad Air 2 WiFi,iPad Air 2 WiFi,85.153.206.239,TR,Istanbul,DUGMECILER MAH.,2023-10-17 13:15:27
NFAPPL-01-IPAD5=3-0DDB908CEF28654CB6B03CCD4ADCB621CB1F8602F11A91F5302FFD8025B97A82,iPad Air 2 WiFi,iPad Air 2 WiFi,82.222.97.8,TR,Istanbul,GUVERCINTEPE MAH.,2023-02-19 18:08:54
NFAPPL-01-IPAD5=3-0DDB908CEF28654CB6B03CCD4ADCB621CB1F8602F11A91F5302FFD8025B97A82,iPad Air 2 WiFi,iPad Air 2 WiFi,82.222.97.23,TR,Istanbul,TESVIKIYE,2023-10-06 16:44:14
NFAPPL-01-IPAD5=3-0DDB908CEF28654CB6B03CCD4ADCB621CB1F8602F11A91F5302FFD8025B97A82,iPad Air 2 WiFi,iPad Air 2 WiFi,85.153.206.71,TR,Istanbul,ANADOLU MAH.,2023-11-19 15:33:46
NFAPPL-01-IPAD5=3-0DDB908CEF28654CB6B03CCD4ADCB621CB1F8602F11A91F5302FFD8025B97A82,iPad Air 2 WiFi,iPad Air 2 WiFi,85.153.203.236,TR,Istanbul,ATATURK MAH.,2023-10-20 13:41:40
NFAPPL-01-IPAD5=3-0DDB908CEF28654CB6B03CCD4ADCB621CB1F8602F11A91F5302FFD8025B97A82,iPad Air 2 WiFi,iPad Air 2 WiFi,85.153.202.126,TR,Istanbul,MERKEZ MAH.,2023-07-20 21:30:39
NFAPPL-01-IPAD5=3-0DDB908CEF28654CB6B03CCD4ADCB621CB1F8602F11A91F5302FFD8025B97A82,iPad Air 2 WiFi,iPad Air 2 WiFi,85.153.206.16,TR,Tekirdag,ATATURK MAH.,2023-07-06 18:38:55
NFAPPL-01-IPAD5=3-0DDB908CEF28654CB6B03CCD4ADCB621CB1F8602F11A91F5302FFD8025B97A82,iPad Air 2 WiFi,iPad Air 2 WiFi,85.153.200.152,TR,Istanbul,CUMHURIYET MAH.,2023-06-26 18:30:04
NFAPPL-01-IPAD5=3-0DDB908CEF28654CB6B03CCD4ADCB621CB1F8602F11A91F5302FFD8025B97A82,iPad Air 2 WiFi,iPad Air 2 WiFi,85.153.207.147,TR,Istanbul,ATAKOY 7-8-9-10. KISIM MAH.,2023-12-03 20:11:40
NFAPPL-01-IPAD5=3-0DDB908CEF28654CB6B03CCD4ADCB621CB1F8602F11A91F5302FFD8025B97A82,iPad Air 2 WiFi,iPad Air 2 WiFi,82.222.99.146,TR,Istanbul,GUVERCINTEPE MAH.,2023-04-05 19:29:35
NFAPPL-01-IPAD5=3-0DDB908CEF28654CB6B03CCD4ADCB621CB1F8602F11A91F5302FFD8025B97A82,iPad Air 2 WiFi,iPad Air 2 WiFi,85.153.203.230,TR,Istanbul,YEDIKULE,2023-05-02 19:02:25
NFAPPL-01-IPAD5=3-0DDB908CEF28654CB6B03CCD4ADCB621CB1F8602F11A91F5302FFD8025B97A82,iPad Air 2 WiFi,iPad Air 2 WiFi,82.222.98.131,TR,Istanbul,CEBECI MAH.,2023-07-04 16:52:39
NFAPPL-01-IPAD5=3-0DDB908CEF28654CB6B03CCD4ADCB621CB1F8602F11A91F5302FFD8025B97A82,iPad Air 2 WiFi,iPad Air 2 WiFi,82.222.99.146,TR,Istanbul,GOKTURK,2023-06-08 20:37:00
NFAPPL-01-IPAD5=3-0DDB908CEF28654CB6B03CCD4ADCB621CB1F8602F11A91F5302FFD8025B97A82,iPad Air 2 WiFi,iPad Air 2 WiFi,82.222.99.80,TR,Istanbul,ALIBEYKOY,2023-10-07 15:53:03
NFAPPL-01-IPAD5=3-0DDB908CEF28654CB6B03CCD4ADCB621CB1F8602F11A91F5302FFD8025B97A82,iPad Air 2 WiFi,iPad Air 2 WiFi,85.153.206.71,TR,Istanbul,KATIPKASIM MAH.,2023-11-04 14:46:05
NFAPPL-01-IPAD5=3-0DDB908CEF28654CB6B03CCD4ADCB621CB1F8602F11A91F5302FFD8025B97A82,iPad Air 2 WiFi,iPad Air 2 WiFi,82.222.98.76,TR,Istanbul,SIRINEVLER MAH.,2023-04-26 17:26:10
NFAPPL-01-IPAD5=3-0DDB908CEF28654CB6B03CCD4ADCB621CB1F8602F11A91F5302FFD8025B97A82,iPad Air 2 WiFi,iPad Air 2 WiFi,212.253.113.157,TR,Tekirdag,VAKIFLAR,2023-10-02 16:45:00
NFAPPL-01-IPAD5=3-0DDB908CEF28654CB6B03CCD4ADCB621CB1F8602F11A91F5302FFD8025B97A82,iPad Air 2 WiFi,iPad Air 2 WiFi,82.222.98.248,TR,Tekirdag,DEGIRMENALTI MAH.,2023-03-17 18:23:47
NFAPPL-01-IPAD5=3-0DDB908CEF28654CB6B03CCD4ADCB621CB1F8602F11A91F5302FFD8025B97A82,iPad Air 2 WiFi,iPad Air 2 WiFi,82.222.96.158,TR,Tekirdag,ATATURK MAH.,2023-05-25 12:04:14
NFAPPL-01-IPAD5=3-0DDB908CEF28654CB6B03CCD4ADCB621CB1F8602F11A91F5302FFD8025B97A82,iPad Air 2 WiFi,iPad Air 2 WiFi,82.222.97.85,TR,Istanbul,MAHMUTBEY,2023-07-09 20:50:05
NFAPPL-01-IPAD5=3-0DDB908CEF28654CB6B03CCD4ADCB621CB1F8602F11A91F5302FFD8025B97A82,iPad Air 2 WiFi,iPad Air 2 WiFi,85.153.207.147,TR,Istanbul,BASAK MAH.,2023-11-28 21:08:06
NFAPPL-01-IPAD5=3-0DDB908CEF28654CB6B03CCD4ADCB621CB1F8602F11A91F5302FFD8025B97A82,iPad Air 2 WiFi,iPad Air 2 WiFi,82.222.97.214,TR,Istanbul,FETIHTEPE MAH.,2023-04-25 17:14:07
NFAPPL-01-IPAD5=3-0DDB908CEF28654CB6B03CCD4ADCB621CB1F8602F11A91F5302FFD8025B97A82,iPad Air 2 WiFi,iPad Air 2 WiFi,82.222.97.151,TR,Istanbul,ATATURK MAH.,2023-09-12 20:17:55
NFAPPL-01-IPAD5=3-0DDB908CEF28654CB6B03CCD4ADCB621CB1F8602F11A91F5302FFD8025B97A82,iPad Air 2 WiFi,iPad Air 2 WiFi,85.153.207.173,TR,Istanbul,BARBAROSHAYRETTINPASA MAH.,2023-10-19 14:21:54
NFAPPL-01-IPAD5=3-0DDB908CEF28654CB6B03CCD4ADCB621CB1F8602F11A91F5302FFD8025B97A82,iPad Air 2 WiFi,iPad Air 2 WiFi,82.222.97.4,TR,Istanbul,VATAN,2023-10-10 19:43:42
NFAPPL-01-IPAD5=3-0DDB908CEF28654CB6B03CCD4ADCB621CB1F8602F11A91F5302FFD8025B97A82,iPad Air 2 WiFi,iPad Air 2 WiFi,82.222.96.39,TR,Istanbul,MERKEZ MAH.,2023-09-11 18:26:42
NFAPPL-01-IPAD5=3-0DDB908CEF28654CB6B03CCD4ADCB621CB1F8602F11A91F5302FFD8025B97A82,iPad Air 2 WiFi,iPad Air 2 WiFi,85.153.206.207,TR,Tekirdag,CORLU,2023-05-08 18:33:19
NFAPPL-01-IPAD5=3-0DDB908CEF28654CB6B03CCD4ADCB621CB1F8602F11A91F5302FFD8025B97A82,iPad Air 2 WiFi,iPad Air 2 WiFi,85.153.200.56,TR,Istanbul,IKITELLI,2023-10-23 19:43:31
NFAPPL-01-IPAD5=3-0DDB908CEF28654CB6B03CCD4ADCB621CB1F8602F11A91F5302FFD8025B97A82,iPad Air 2 WiFi,iPad Air 2 WiFi,85.153.203.59,TR,Istanbul,HALKALI,2023-03-10 20:04:31
NFAPPL-01-IPAD5=3-0DDB908CEF28654CB6B03CCD4ADCB621CB1F8602F11A91F5302FFD8025B97A82,iPad Air 2 WiFi,iPad Air 2 WiFi,85.153.201.226,TR,Istanbul,FETIHTEPE MAH.,2023-04-12 14:46:12
NFAPPL-01-IPAD5=3-0DDB908CEF28654CB6B03CCD4ADCB621CB1F8602F11A91F5302FFD8025B97A82,iPad Air 2 WiFi,iPad Air 2 WiFi,85.153.202.23,TR,Istanbul,ZUHURATBABA,2023-02-25 19:32:18
NFAPPL-01-IPAD5=3-0DDB908CEF28654CB6B03CCD4ADCB621CB1F8602F11A91F5302FFD8025B97A82,iPad Air 2 WiFi,iPad Air 2 WiFi,82.222.99.168,TR,Istanbul,BARIS MAH.,2023-10-16 19:46:11
NFAPPL-01-IPAD5=3-0DDB908CEF28654CB6B03CCD4ADCB621CB1F8602F11A91F5302FFD8025B97A82,iPad Air 2 WiFi,iPad Air 2 WiFi,85.153.202.236,TR,Istanbul,FETIHTEPE MAH.,2023-10-16 14:41:02
NFAPPL-01-IPAD5=3-0DDB908CEF28654CB6B03CCD4ADCB621CB1F8602F11A91F5302FFD8025B97A82,iPad Air 2 WiFi,iPad Air 2 WiFi,82.222.99.229,TR,Istanbul,ZUHURATBABA,2023-06-01 15:35:36
NFAPPL-01-IPAD5=3-0DDB908CEF28654CB6B03CCD4ADCB621CB1F8602F11A91F5302FFD8025B97A82,iPad Air 2 WiFi,iPad Air 2 WiFi,85.153.200.52,TR,Istanbul,IKITELLI,2023-04-19 21:13:36
NFAPPL-01-IPAD5=3-0DDB908CEF28654CB6B03CCD4ADCB621CB1F8602F11A91F5302FFD8025B97A82,iPad Air 2 WiFi,iPad Air 2 WiFi,82.222.99.215,TR,Tekirdag,CORLU,2023-06-20 19:59:03
NFAPPL-01-IPAD5=3-0DDB908CEF28654CB6B03CCD4ADCB621CB1F8602F11A91F5302FFD8025B97A82,iPad Air 2 WiFi,iPad Air 2 WiFi,212.253.113.185,TR,Istanbul,SARIYER,2023-10-11 18:25:24
NFAPPL-01-IPAD5=3-0DDB908CEF28654CB6B03CCD4ADCB621CB1F8602F11A91F5302FFD8025B97A82,iPad Air 2 WiFi,iPad Air 2 WiFi,82.222.99.167,TR,Istanbul,AKATLAR MAH.,2023-10-04 17:06:23
NFAPPL-01-IPAD5=3-0DDB908CEF28654CB6B03CCD4ADCB621CB1F8602F11A91F5302FFD8025B97A82,iPad Air 2 WiFi,iPad Air 2 WiFi,82.222.99.29,TR,Istanbul,ISKENDERPASA MAH.,2023-07-04 21:08:31
NFAPPL-01-IPAD5=3-0DDB908CEF28654CB6B03CCD4ADCB621CB1F8602F11A91F5302FFD8025B97A82,iPad Air 2 WiFi,iPad Air 2 WiFi,85.153.204.224,TR,Istanbul,KULTUR MAH.,2023-04-19 20:11:56
NFAPPL-02-IPHONE12=8-6CE3292B797C5CE7FC18DE76A349E6FD70B55431ACC1EDED8B9CE434807A0FED,APPLE_iPhone12-8,APPLE_iPhone12-8,82.222.98.248,TR,Tekirdag,DEGIRMENALTI MAH.,2023-03-18 18:53:02
NFAPPL-02-IPHONE12=8-6CE3292B797C5CE7FC18DE76A349E6FD70B55431ACC1EDED8B9CE434807A0FED,APPLE_iPhone12-8,APPLE_iPhone12-8,85.153.206.207,TR,Tekirdag,CORLU,2023-05-12 15:34:50
NFAPPL-02-IPHONE12=8-6CE3292B797C5CE7FC18DE76A349E6FD70B55431ACC1EDED8B9CE434807A0FED,APPLE_iPhone12-8,APPLE_iPhone12-8,5.46.160.179,TR,Istanbul,GURPINAR,2023-03-19 07:14:36
NFAPPL-02-IPHONE12=8-6CE3292B797C5CE7FC18DE76A349E6FD70B55431ACC1EDED8B9CE434807A0FED,APPLE_iPhone12-8,APPLE_iPhone12-8,5.46.253.81,TR,Istanbul,MURATPASA MAH.,2023-05-22 08:02:50
NFAPPL-02-IPHONE12=8-6CE3292B797C5CE7FC18DE76A349E6FD70B55431ACC1EDED8B9CE434807A0FED,APPLE_iPhone12-8,APPLE_iPhone12-8,5.46.163.109,TR,Istanbul,BIRLIK MAH.,2023-03-16 11:59:41
NFAPPL-02-IPHONE12=8-6CE3292B797C5CE7FC18DE76A349E6FD70B55431ACC1EDED8B9CE434807A0FED,APPLE_iPhone12-8,APPLE_iPhone12-8,5.46.214.27,TR,Istanbul,GUVERCINTEPE MAH.,2023-07-03 07:54:43
NFAPPL-02-IPHONE12=8-6CE3292B797C5CE7FC18DE76A349E6FD70B55431ACC1EDED8B9CE434807A0FED,APPLE_iPhone12-8,APPLE_iPhone12-8,82.222.98.76,TR,Istanbul,SIRINEVLER MAH.,2023-04-26 19:02:15
NFAPPL-02-IPHONE12=8-6CE3292B797C5CE7FC18DE76A349E6FD70B55431ACC1EDED8B9CE434807A0FED,APPLE_iPhone12-8,APPLE_iPhone12-8,151.135.78.93,TR,Istanbul,MALTEPE MAH.,2023-02-17 14:09:00
NFAPPL-02-IPHONE12=8-6CE3292B797C5CE7FC18DE76A349E6FD70B55431ACC1EDED8B9CE434807A0FED,APPLE_iPhone12-8,APPLE_iPhone12-8,5.46.252.240,TR,Istanbul,KOZYATAGI MAH.,2023-05-25 08:25:44
NFAPPL-02-IPHONE12=8-6CE3292B797C5CE7FC18DE76A349E6FD70B55431ACC1EDED8B9CE434807A0FED,APPLE_iPhone12-8,APPLE_iPhone12-8,82.222.99.249,TR,Istanbul,HURRIYET,2023-05-05 05:56:44
NFCDCH-02-K5A7E2KULWNCNALG06MHC22DR2WRVF,chrome-cadmium,chrome-cadmium,95.0.206.241,TR,Istanbul,ISTANBUL,2023-05-05 15:17:35
NFCDCH-02-KAUDY94NXF6YGU0YU6143RCALFLX5H,chrome-cadmium,chrome-cadmium,95.0.206.241,TR,Istanbul,ISTANBUL,2023-07-11 10:50:34
NFCDCH-02-KEYQM6TWUA1V3FC75FEAPGE69FG87A,chrome-cadmium,chrome-cadmium,95.0.206.241,TR,Istanbul,ISTANBUL,2023-08-18 12:07:11
NFCDCH-02-KH8LY0J65FP1T4CVNWWAC2923EJKAX,chrome-cadmium,chrome-cadmium,95.0.206.241,TR,Istanbul,ISTANBUL,2023-09-15 12:37:25
NFANDROID1-PRV-P-HUAWEBLA-L09-7440-5A3EF2D1D653B0192131B75E78BC6DF0E49BFEDF79BA65E6724B54A4E289412C,HUAWEI_BLA-L09,HUAWEI_BLA-L09,149.140.233.41,TR,Istanbul,ATASEHIR ATATURK MAH.,2023-06-25 23:00:27
NFANDROID1-PRV-P-HUAWEBLA-L09-7440-5A3EF2D1D653B0192131B75E78BC6DF0E49BFEDF79BA65E6724B54A4E289412C,HUAWEI_BLA-L09,HUAWEI_BLA-L09,176.54.33.33,TR,Istanbul,MERKEZ MAH.,2023-03-14 14:55:20
NFANDROID1-PRV-P-HUAWEBLA-L09-7440-5A3EF2D1D653B0192131B75E78BC6DF0E49BFEDF79BA65E6724B54A4E289412C,HUAWEI_BLA-L09,HUAWEI_BLA-L09,176.219.116.249,TR,Istanbul,ORTAKOY,2023-07-20 17:56:46
NFANDROID1-PRV-P-HUAWEBLA-L09-7440-5A3EF2D1D653B0192131B75E78BC6DF0E49BFEDF79BA65E6724B54A4E289412C,HUAWEI_BLA-L09,HUAWEI_BLA-L09,24.133.129.120,TR,Istanbul,SISLI,2023-02-28 20:45:06
NFANDROID1-PRV-P-HUAWEBLA-L09-7440-5A3EF2D1D653B0192131B75E78BC6DF0E49BFEDF79BA65E6724B54A4E289412C,HUAWEI_BLA-L09,HUAWEI_BLA-L09,176.54.21.60,TR,Istanbul,FERIKOY MAH.,2023-06-24 19:07:08
NFANDROID1-PRV-P-HUAWEBLA-L09-7440-5A3EF2D1D653B0192131B75E78BC6DF0E49BFEDF79BA65E6724B54A4E289412C,HUAWEI_BLA-L09,HUAWEI_BLA-L09,24.133.129.120,TR,Istanbul,ISTINYE,2023-06-05 11:12:19
NFANDROID1-PRV-P-HUAWEBLA-L09-7440-5A3EF2D1D653B0192131B75E78BC6DF0E49BFEDF79BA65E6724B54A4E289412C,HUAWEI_BLA-L09,HUAWEI_BLA-L09,212.2.212.140,TR,Istanbul,SISLI,2023-02-22 15:45:56
NFANDROID1-PRV-P-HUAWEBLA-L09-7440-5A3EF2D1D653B0192131B75E78BC6DF0E49BFEDF79BA65E6724B54A4E289412C,HUAWEI_BLA-L09,HUAWEI_BLA-L09,88.236.177.232,TR,Sivas,AKDEGIRMEN MAH.,2023-11-05 10:30:18
NFANDROID1-PRV-P-HUAWEBLA-L09-7440-5A3EF2D1D653B0192131B75E78BC6DF0E49BFEDF79BA65E6724B54A4E289412C,HUAWEI_BLA-L09,HUAWEI_BLA-L09,88.236.190.11,TR,Sivas,CEKEM,2023-07-01 11:27:48
NFANDROID1-PRV-P-HUAWEBLA-L09-7440-5A3EF2D1D653B0192131B75E78BC6DF0E49BFEDF79BA65E6724B54A4E289412C,HUAWEI_BLA-L09,HUAWEI_BLA-L09,176.219.115.70,TR,Istanbul,CATALCA,2023-03-11 17:30:57
NFANDROID1-PRV-P-HUAWEBLA-L09-7440-5A3EF2D1D653B0192131B75E78BC6DF0E49BFEDF79BA65E6724B54A4E289412C,HUAWEI_BLA-L09,HUAWEI_BLA-L09,176.54.208.203,TR,Istanbul,YAKUPLU,2023-06-20 10:39:06
NFANDROID1-PRV-P-HUAWEBLA-L09-7440-5A3EF2D1D653B0192131B75E78BC6DF0E49BFEDF79BA65E6724B54A4E289412C,HUAWEI_BLA-L09,HUAWEI_BLA-L09,46.155.207.44,TR,Samsun,MEVLANA MAH.,2023-07-01 22:38:28
NFAPPL-01-IPAD12=1-4019A454BF0E931BEEB268A33790645955FC7A6A9DFA55085FE948334333D141,APPLE_iPad12-1,APPLE_iPad12-1,85.153.202.76,TR,Istanbul,ALIBEYKOY,2023-09-28 18:40:11
NFAPPL-01-IPAD12=1-4019A454BF0E931BEEB268A33790645955FC7A6A9DFA55085FE948334333D141,APPLE_iPad12-1,APPLE_iPad12-1,85.153.203.172,TR,Istanbul,BASAK MAH.,2023-10-03 18:18:48
NFAPPL-01-IPAD12=1-4019A454BF0E931BEEB268A33790645955FC7A6A9DFA55085FE948334333D141,APPLE_iPad12-1,APPLE_iPad12-1,82.222.97.143,TR,Istanbul,BASAK MAH.,2023-09-25 17:47:16
NFAPPL-01-IPAD12=1-4019A454BF0E931BEEB268A33790645955FC7A6A9DFA55085FE948334333D141,APPLE_iPad12-1,APPLE_iPad12-1,85.153.202.125,TR,Istanbul,ALEMDAR MAH.,2023-09-21 19:14:55
NFAPPL-01-IPAD12=1-4019A454BF0E931BEEB268A33790645955FC7A6A9DFA55085FE948334333D141,APPLE_iPad12-1,APPLE_iPad12-1,85.153.202.81,TR,Istanbul,BASAK MAH.,2023-09-29 16:48:34
NFAPPL-02-IPHONE12=1-1E455AF4890338FE88BC20186F2C7F315BD52CAF5E62F8919E9FE2895FFE67DD,iPhone 11,iPhone 11,5.46.215.75,TR,Istanbul,CIRPICI MAH.,2023-09-19 17:02:44
NFAPPL-02-IPHONE12=1-1E455AF4890338FE88BC20186F2C7F315BD52CAF5E62F8919E9FE2895FFE67DD,iPhone 11,iPhone 11,151.135.43.222,TR,Istanbul,INKILAP MAH.,2023-11-18 05:30:21
NFAPPL-02-IPHONE12=1-1E455AF4890338FE88BC20186F2C7F315BD52CAF5E62F8919E9FE2895FFE67DD,iPhone 11,iPhone 11,151.135.92.254,TR,Istanbul,CAGLAYAN MAH.,2023-10-08 08:05:46
NFAPPL-02-IPHONE12=1-1E455AF4890338FE88BC20186F2C7F315BD52CAF5E62F8919E9FE2895FFE67DD,iPhone 11,iPhone 11,85.153.206.227,TR,Istanbul,BOSTAN MAH.,2023-10-13 23:49:21
NFAPPL-02-IPHONE12=1-1E455AF4890338FE88BC20186F2C7F315BD52CAF5E62F8919E9FE2895FFE67DD,iPhone 11,iPhone 11,151.135.83.81,TR,Istanbul,BARBAROSHAYRETTINPASA MAH.,2023-07-15 10:23:00
NFAPPL-02-IPHONE12=1-1E455AF4890338FE88BC20186F2C7F315BD52CAF5E62F8919E9FE2895FFE67DD,iPhone 11,iPhone 11,151.135.43.222,TR,Istanbul,YAKACIK,2023-11-15 22:08:59
NFAPPL-02-IPHONE12=1-1E455AF4890338FE88BC20186F2C7F315BD52CAF5E62F8919E9FE2895FFE67DD,iPhone 11,iPhone 11,82.222.97.247,TR,Istanbul,KARADOLAP MAH.,2023-08-25 13:29:21
NFAPPL-02-IPHONE12=1-1E455AF4890338FE88BC20186F2C7F315BD52CAF5E62F8919E9FE2895FFE67DD,iPhone 11,iPhone 11,46.104.49.129,TR,Istanbul,BUYUKBAKKALKOY MAH.,2023-10-31 20:55:14
NFAPPL-02-IPHONE12=1-1E455AF4890338FE88BC20186F2C7F315BD52CAF5E62F8919E9FE2895FFE67DD,iPhone 11,iPhone 11,159.20.69.0,TR,Istanbul,FATIH MAH.,2023-11-20 10:21:53
NFAPPL-02-IPHONE12=1-1E455AF4890338FE88BC20186F2C7F315BD52CAF5E62F8919E9FE2895FFE67DD,iPhone 11,iPhone 11,5.46.223.112,TR,Istanbul,BAHCELIEVLER MAH.,2023-09-19 22:13:14
NFAPPL-02-IPHONE12=1-1E455AF4890338FE88BC20186F2C7F315BD52CAF5E62F8919E9FE2895FFE67DD,iPhone 11,iPhone 11,5.46.156.62,TR,Istanbul,BAHCELIEVLER MAH.,2023-06-27 23:29:17
NFAPPL-02-IPHONE12=1-1E455AF4890338FE88BC20186F2C7F315BD52CAF5E62F8919E9FE2895FFE67DD,iPhone 11,iPhone 11,159.20.68.5,TR,Istanbul,FATIH MAH.,2023-06-06 10:23:41
NFAPPL-02-IPHONE12=1-1E455AF4890338FE88BC20186F2C7F315BD52CAF5E62F8919E9FE2895FFE67DD,iPhone 11,iPhone 11,5.46.194.153,TR,Istanbul,CINAR MAH.,2023-07-02 18:40:19
NFAPPL-02-IPHONE12=1-1E455AF4890338FE88BC20186F2C7F315BD52CAF5E62F8919E9FE2895FFE67DD,iPhone 11,iPhone 11,159.20.69.21,TR,Istanbul,FATIH MAH.,2023-11-22 13:13:35
NFAPPL-02-IPHONE12=1-1E455AF4890338FE88BC20186F2C7F315BD52CAF5E62F8919E9FE2895FFE67DD,iPhone 11,iPhone 11,46.104.56.83,TR,Istanbul,CAMCESME MAH.,2023-11-23 11:23:09
NFAPPL-02-IPHONE12=1-1E455AF4890338FE88BC20186F2C7F315BD52CAF5E62F8919E9FE2895FFE67DD,iPhone 11,iPhone 11,151.135.42.15,TR,Istanbul,EGITIM MAH.,2023-11-21 01:20:17
NFAPPL-02-IPHONE12=1-1E455AF4890338FE88BC20186F2C7F315BD52CAF5E62F8919E9FE2895FFE67DD,iPhone 11,iPhone 11,82.222.96.125,TR,Istanbul,MALTEPE MAH.,2023-07-21 15:36:41
NFAPPL-02-IPHONE12=1-1E455AF4890338FE88BC20186F2C7F315BD52CAF5E62F8919E9FE2895FFE67DD,iPhone 11,iPhone 11,5.46.218.30,TR,Istanbul,FIRUZKOY,2023-07-01 00:02:37
NFAPPL-02-IPHONE12=1-1E455AF4890338FE88BC20186F2C7F315BD52CAF5E62F8919E9FE2895FFE67DD,iPhone 11,iPhone 11,85.153.202.125,TR,Istanbul,ALEMDAR MAH.,2023-09-21 01:42:50
NFAPPL-02-IPHONE12=1-1E455AF4890338FE88BC20186F2C7F315BD52CAF5E62F8919E9FE2895FFE67DD,iPhone 11,iPhone 11,151.135.95.231,TR,Istanbul,BAGLAR MAH.,2023-07-12 21:50:10
NFAPPL-02-IPHONE12=1-1E455AF4890338FE88BC20186F2C7F315BD52CAF5E62F8919E9FE2895FFE67DD,iPhone 11,iPhone 11,85.153.207.18,TR,Istanbul,HARMANTEPE MAH.,2023-09-25 22:07:41
NFAPPL-02-IPHONE12=1-1E455AF4890338FE88BC20186F2C7F315BD52CAF5E62F8919E9FE2895FFE67DD,iPhone 11,iPhone 11,5.47.200.108,TR,Istanbul,MIMARSINAN,2023-07-18 19:59:40
NFAPPL-02-IPHONE12=1-1E455AF4890338FE88BC20186F2C7F315BD52CAF5E62F8919E9FE2895FFE67DD,iPhone 11,iPhone 11,85.153.200.37,TR,Istanbul,GAZI MAH.,2023-09-24 05:06:46
NFAPPL-02-IPHONE12=1-1E455AF4890338FE88BC20186F2C7F315BD52CAF5E62F8919E9FE2895FFE67DD,iPhone 11,iPhone 11,46.104.57.173,TR,Istanbul,ESENTEPE MAH.,2023-11-23 21:29:23
NFAPPL-02-IPHONE12=1-1E455AF4890338FE88BC20186F2C7F315BD52CAF5E62F8919E9FE2895FFE67DD,iPhone 11,iPhone 11,5.176.143.160,TR,Kirikkale,AKSEMSETTIN MAH.,2023-05-13 04:00:09
NFAPPL-02-IPHONE12=1-1E455AF4890338FE88BC20186F2C7F315BD52CAF5E62F8919E9FE2895FFE67DD,iPhone 11,iPhone 11,85.153.206.115,TR,Istanbul,KONAKLAR MAH.,2023-07-29 00:49:38
NFAPPL-02-IPHONE12=1-1E455AF4890338FE88BC20186F2C7F315BD52CAF5E62F8919E9FE2895FFE67DD,iPhone 11,iPhone 11,5.46.214.126,TR,Manisa,SALIHLI,2023-07-15 23:10:07
NFAPPL-02-IPHONE12=1-1E455AF4890338FE88BC20186F2C7F315BD52CAF5E62F8919E9FE2895FFE67DD,iPhone 11,iPhone 11,85.153.203.172,TR,Istanbul,BASAK MAH.,2023-10-03 15:24:31
NFAPPL-02-IPHONE12=1-1E455AF4890338FE88BC20186F2C7F315BD52CAF5E62F8919E9FE2895FFE67DD,iPhone 11,iPhone 11,85.153.207.120,TR,Istanbul,HAMIDIYE MAH.,2023-07-13 16:58:15
NFAPPL-02-IPHONE12=1-1E455AF4890338FE88BC20186F2C7F315BD52CAF5E62F8919E9FE2895FFE67DD,iPhone 11,iPhone 11,85.153.203.131,TR,Istanbul,GAZI MAH.,2023-10-14 19:02:33
NFAPPL-02-IPHONE12=1-1E455AF4890338FE88BC20186F2C7F315BD52CAF5E62F8919E9FE2895FFE67DD,iPhone 11,iPhone 11,151.135.64.228,TR,Istanbul,MERKEZ MAH.,2023-07-14 13:20:14
NFAPPL-02-IPHONE12=1-1E455AF4890338FE88BC20186F2C7F315BD52CAF5E62F8919E9FE2895FFE67DD,iPhone 11,iPhone 11,82.222.99.126,TR,Tekirdag,CUMHURIYET MAH.,2023-09-23 23:23:45
NFAPPL-02-IPHONE12=1-1E455AF4890338FE88BC20186F2C7F315BD52CAF5E62F8919E9FE2895FFE67DD,iPhone 11,iPhone 11,5.46.175.163,TR,Istanbul,GUVERCINTEPE MAH.,2023-10-03 22:40:59
NFAPPL-02-IPHONE12=1-1E455AF4890338FE88BC20186F2C7F315BD52CAF5E62F8919E9FE2895FFE67DD,iPhone 11,iPhone 11,46.104.20.176,TR,Istanbul,ICERENKOY MAH.,2023-10-30 21:57:45
NFAPPL-02-IPHONE12=1-1E455AF4890338FE88BC20186F2C7F315BD52CAF5E62F8919E9FE2895FFE67DD,iPhone 11,iPhone 11,82.222.98.116,TR,Istanbul,KIRAC,2023-09-24 08:45:34
NFAPPL-02-IPHONE12=1-1E455AF4890338FE88BC20186F2C7F315BD52CAF5E62F8919E9FE2895FFE67DD,iPhone 11,iPhone 11,5.46.207.117,TR,Istanbul,FATIH MAH.,2023-07-19 08:06:46
NFAPPL-02-IPHONE12=1-1E455AF4890338FE88BC20186F2C7F315BD52CAF5E62F8919E9FE2895FFE67DD,iPhone 11,iPhone 11,46.104.57.191,TR,Bursa,AHMETYESEVI MAH.,2023-11-22 00:56:00
NFAPPL-02-IPHONE12=1-1E455AF4890338FE88BC20186F2C7F315BD52CAF5E62F8919E9FE2895FFE67DD,iPhone 11,iPhone 11,159.20.69.1,TR,Istanbul,TESVIKIYE,2023-11-09 10:15:17
NFAPPL-02-IPHONE12=1-1E455AF4890338FE88BC20186F2C7F315BD52CAF5E62F8919E9FE2895FFE67DD,iPhone 11,iPhone 11,37.154.171.112,TR,Tekirdag,MARMARAEREGLISI,2023-09-22 13:20:34
NFAPPL-02-IPHONE12=1-1E455AF4890338FE88BC20186F2C7F315BD52CAF5E62F8919E9FE2895FFE67DD,iPhone 11,iPhone 11,212.253.113.214,TR,Istanbul,MERKEZ MAH.,2023-07-14 10:15:46
NFAPPL-02-IPHONE12=1-1E455AF4890338FE88BC20186F2C7F315BD52CAF5E62F8919E9FE2895FFE67DD,iPhone 11,iPhone 11,151.135.23.132,TR,Istanbul,AGVA,2023-11-07 22:17:33
NFAPPL-02-IPHONE12=1-1E455AF4890338FE88BC20186F2C7F315BD52CAF5E62F8919E9FE2895FFE67DD,iPhone 11,iPhone 11,151.135.32.123,TR,Istanbul,BASIBUYUK,2023-11-19 14:33:56
NFAPPL-02-IPHONE12=1-1E455AF4890338FE88BC20186F2C7F315BD52CAF5E62F8919E9FE2895FFE67DD,iPhone 11,iPhone 11,82.222.97.50,TR,Istanbul,GUVERCINTEPE MAH.,2023-07-13 15:07:04
NFAPPL-02-IPHONE12=1-1E455AF4890338FE88BC20186F2C7F315BD52CAF5E62F8919E9FE2895FFE67DD,iPhone 11,iPhone 11,82.222.97.94,TR,Istanbul,DUATEPE MAH.,2023-09-20 12:58:27
NFAPPL-02-IPHONE12=1-1E455AF4890338FE88BC20186F2C7F315BD52CAF5E62F8919E9FE2895FFE67DD,iPhone 11,iPhone 11,151.135.26.79,TR,Istanbul,CINAR MAH.,2023-11-13 00:12:18
NFAPPL-02-IPHONE12=1-1E455AF4890338FE88BC20186F2C7F315BD52CAF5E62F8919E9FE2895FFE67DD,iPhone 11,iPhone 11,5.46.247.136,TR,Istanbul,CEBECI MAH.,2023-09-30 22:04:23
NFAPPL-02-IPHONE12=1-1E455AF4890338FE88BC20186F2C7F315BD52CAF5E62F8919E9FE2895FFE67DD,iPhone 11,iPhone 11,85.153.206.16,TR,Tekirdag,ATATURK MAH.,2023-07-07 15:39:49
NFAPPL-02-IPHONE12=1-1E455AF4890338FE88BC20186F2C7F315BD52CAF5E62F8919E9FE2895FFE67DD,iPhone 11,iPhone 11,151.135.5.49,TR,Istanbul,ABDURRAHMANGAZI MAH.,2023-10-12 18:25:47
NFAPPL-02-IPHONE12=1-1E455AF4890338FE88BC20186F2C7F315BD52CAF5E62F8919E9FE2895FFE67DD,iPhone 11,iPhone 11,151.135.69.239,TR,Istanbul,CEVATPASA MAH.,2023-07-14 12:54:01
NFAPPL-02-IPHONE12=1-1E455AF4890338FE88BC20186F2C7F315BD52CAF5E62F8919E9FE2895FFE67DD,iPhone 11,iPhone 11,212.253.113.132,TR,Tekirdag,CUMHURIYET MAH.,2023-09-24 19:58:43
NFAPPL-02-IPHONE12=1-1E455AF4890338FE88BC20186F2C7F315BD52CAF5E62F8919E9FE2895FFE67DD,iPhone 11,iPhone 11,212.253.113.5,TR,Istanbul,GUVERCINTEPE MAH.,2023-09-20 00:38:24
NFAPPL-02-IPHONE12=1-1E455AF4890338FE88BC20186F2C7F315BD52CAF5E62F8919E9FE2895FFE67DD,iPhone 11,iPhone 11,151.135.42.10,TR,Istanbul,HILAL MAH.,2023-10-11 19:18:59
NFAPPL-02-IPHONE12=1-1E455AF4890338FE88BC20186F2C7F315BD52CAF5E62F8919E9FE2895FFE67DD,iPhone 11,iPhone 11,151.135.208.52,TR,Izmir,PARLAK,2023-11-28 21:03:51
NFAPPL-02-IPHONE12=1-1E455AF4890338FE88BC20186F2C7F315BD52CAF5E62F8919E9FE2895FFE67DD,iPhone 11,iPhone 11,5.46.194.236,TR,Istanbul,TURGUT REIS MAH.,2023-09-21 13:36:56
NFAPPL-02-IPHONE12=1-1E455AF4890338FE88BC20186F2C7F315BD52CAF5E62F8919E9FE2895FFE67DD,iPhone 11,iPhone 11,46.104.50.250,TR,Istanbul,GUMUSPINAR MAH.,2023-11-02 20:32:25
NFAPPL-02-IPHONE12=1-1E455AF4890338FE88BC20186F2C7F315BD52CAF5E62F8919E9FE2895FFE67DD,iPhone 11,iPhone 11,5.46.172.82,TR,Istanbul,AYDINLAR MAH.,2023-09-23 15:35:12
NFAPPL-02-IPHONE12=1-1E455AF4890338FE88BC20186F2C7F315BD52CAF5E62F8919E9FE2895FFE67DD,iPhone 11,iPhone 11,85.153.202.58,TR,Istanbul,CINAR MAH.,2023-09-20 18:50:37
NFAPPL-02-IPHONE12=1-1E455AF4890338FE88BC20186F2C7F315BD52CAF5E62F8919E9FE2895FFE67DD,iPhone 11,iPhone 11,151.135.78.215,TR,Istanbul,BAGLAR MAH.,2023-10-14 18:06:55
NFAPPL-02-IPHONE12=1-1E455AF4890338FE88BC20186F2C7F315BD52CAF5E62F8919E9FE2895FFE67DD,iPhone 11,iPhone 11,151.135.208.52,TR,Izmir,PARLAK,2023-11-27 23:29:02
NFAPPL-02-IPHONE12=1-1E455AF4890338FE88BC20186F2C7F315BD52CAF5E62F8919E9FE2895FFE67DD,iPhone 11,iPhone 11,82.222.98.18,TR,Istanbul,SAADETDERE MAH.,2023-07-21 06:24:31
NFAPPL-02-IPHONE12=1-1E455AF4890338FE88BC20186F2C7F315BD52CAF5E62F8919E9FE2895FFE67DD,iPhone 11,iPhone 11,151.135.16.124,TR,Istanbul,AYDINLAR MAH.,2023-11-25 09:23:59
NFAPPL-02-IPHONE12=1-1E455AF4890338FE88BC20186F2C7F315BD52CAF5E62F8919E9FE2895FFE67DD,iPhone 11,iPhone 11,5.46.223.229,TR,Istanbul,BAHCELIEVLER MAH.,2023-07-16 19:39:03
NFAPPL-02-IPHONE12=1-1E455AF4890338FE88BC20186F2C7F315BD52CAF5E62F8919E9FE2895FFE67DD,iPhone 11,iPhone 11,151.135.78.114,TR,Istanbul,INONU MAH.,2023-09-24 07:30:58
NFAPPL-02-IPHONE12=1-1E455AF4890338FE88BC20186F2C7F315BD52CAF5E62F8919E9FE2895FFE67DD,iPhone 11,iPhone 11,46.104.31.27,TR,Istanbul,GIRNE MAH.,2023-11-30 21:45:15
NFAPPL-02-IPHONE12=1-1E455AF4890338FE88BC20186F2C7F315BD52CAF5E62F8919E9FE2895FFE67DD,iPhone 11,iPhone 11,46.104.16.160,TR,Kocaeli,BAGDAT MAH.,2023-12-06 04:03:00
NFAPPL-02-IPHONE12=1-1E455AF4890338FE88BC20186F2C7F315BD52CAF5E62F8919E9FE2895FFE67DD,iPhone 11,iPhone 11,85.153.204.112,TR,Istanbul,HALKALI,2023-07-19 21:07:34
NFAPPL-02-IPHONE12=1-1E455AF4890338FE88BC20186F2C7F315BD52CAF5E62F8919E9FE2895FFE67DD,iPhone 11,iPhone 11,85.153.202.236,TR,Istanbul,FETIHTEPE MAH.,2023-10-15 09:21:43
NFAPPL-02-IPHONE12=1-1E455AF4890338FE88BC20186F2C7F315BD52CAF5E62F8919E9FE2895FFE67DD,iPhone 11,iPhone 11,82.222.99.80,TR,Istanbul,ALIBEYKOY,2023-10-07 23:40:27
NFAPPL-02-IPHONE12=1-1E455AF4890338FE88BC20186F2C7F315BD52CAF5E62F8919E9FE2895FFE67DD,iPhone 11,iPhone 11,46.104.8.40,TR,Istanbul,MIMARSINAN,2023-10-08 20:23:18
NFAPPL-02-IPHONE12=1-1E455AF4890338FE88BC20186F2C7F315BD52CAF5E62F8919E9FE2895FFE67DD,iPhone 11,iPhone 11,5.46.213.220,TR,Istanbul,MURATPASA MAH.,2023-09-19 13:46:59
NFAPPL-02-IPHONE12=1-1E455AF4890338FE88BC20186F2C7F315BD52CAF5E62F8919E9FE2895FFE67DD,iPhone 11,iPhone 11,85.153.202.165,TR,Istanbul,ALIBEYKOY,2023-06-21 17:27:24
NFAPPL-02-IPHONE12=1-1E455AF4890338FE88BC20186F2C7F315BD52CAF5E62F8919E9FE2895FFE67DD,iPhone 11,iPhone 11,85.153.200.152,TR,Istanbul,CUMHURIYET MAH.,2023-06-27 18:48:23
NFAPPL-02-IPHONE12=1-1E455AF4890338FE88BC20186F2C7F315BD52CAF5E62F8919E9FE2895FFE67DD,iPhone 11,iPhone 11,159.20.69.2,TR,Istanbul,TESVIKIYE,2023-11-04 10:01:11
NFAPPL-02-IPHONE12=1-1E455AF4890338FE88BC20186F2C7F315BD52CAF5E62F8919E9FE2895FFE67DD,iPhone 11,iPhone 11,5.46.158.162,TR,Istanbul,ESENLER,2023-12-03 19:50:17
NFAPPL-02-IPHONE12=1-1E455AF4890338FE88BC20186F2C7F315BD52CAF5E62F8919E9FE2895FFE67DD,iPhone 11,iPhone 11,5.47.205.107,TR,Istanbul,HEYBELIADA MAH.,2023-10-10 20:16:18
NFAPPL-02-IPHONE12=1-1E455AF4890338FE88BC20186F2C7F315BD52CAF5E62F8919E9FE2895FFE67DD,iPhone 11,iPhone 11,212.253.112.83,TR,Istanbul,BASAK MAH.,2023-09-22 10:49:10
NFAPPL-02-IPHONE12=1-1E455AF4890338FE88BC20186F2C7F315BD52CAF5E62F8919E9FE2895FFE67DD,iPhone 11,iPhone 11,46.104.15.166,TR,Istanbul,CAKMAK MAH.,2023-10-02 21:25:00
NFAPPL-02-IPHONE12=1-1E455AF4890338FE88BC20186F2C7F315BD52CAF5E62F8919E9FE2895FFE67DD,iPhone 11,iPhone 11,176.234.11.120,TR,Istanbul,FERIKOY MAH.,2023-07-01 23:01:10
NFAPPL-02-IPHONE12=1-1E455AF4890338FE88BC20186F2C7F315BD52CAF5E62F8919E9FE2895FFE67DD,iPhone 11,iPhone 11,151.135.1.250,TR,Istanbul,BAGLARBASI MAH.,2023-06-13 00:26:50
NFAPPL-02-IPHONE12=1-1E455AF4890338FE88BC20186F2C7F315BD52CAF5E62F8919E9FE2895FFE67DD,iPhone 11,iPhone 11,46.104.26.212,TR,Istanbul,CINARDERE MAH.,2023-12-06 04:04:40
NFAPPL-02-IPHONE12=1-1E455AF4890338FE88BC20186F2C7F315BD52CAF5E62F8919E9FE2895FFE67DD,iPhone 11,iPhone 11,37.154.161.62,TR,Istanbul,FIRUZAGA MAH.,2023-07-12 21:21:44
NFAPPL-02-IPHONE12=1-1E455AF4890338FE88BC20186F2C7F315BD52CAF5E62F8919E9FE2895FFE67DD,iPhone 11,iPhone 11,212.253.113.37,TR,Istanbul,SULTANCIFTLIGI,2023-09-22 00:56:40
NFAPPL-02-IPHONE12=1-1E455AF4890338FE88BC20186F2C7F315BD52CAF5E62F8919E9FE2895FFE67DD,iPhone 11,iPhone 11,5.46.195.218,TR,Istanbul,SULTANCIFTLIGI,2023-07-19 09:39:39
NFAPPL-02-IPHONE12=1-1E455AF4890338FE88BC20186F2C7F315BD52CAF5E62F8919E9FE2895FFE67DD,iPhone 11,iPhone 11,85.153.200.65,TR,Istanbul,KAGITHANE,2023-09-19 16:58:47
NFAPPL-02-IPHONE12=1-1E455AF4890338FE88BC20186F2C7F315BD52CAF5E62F8919E9FE2895FFE67DD,iPhone 11,iPhone 11,85.153.205.65,TR,Istanbul,YEDIKULE,2023-09-19 23:41:59
NFAPPL-02-IPHONE12=1-1E455AF4890338FE88BC20186F2C7F315BD52CAF5E62F8919E9FE2895FFE67DD,iPhone 11,iPhone 11,46.104.48.137,TR,Istanbul,CINARDERE MAH.,2023-10-28 18:53:56
NFAPPL-02-IPHONE12=1-1E455AF4890338FE88BC20186F2C7F315BD52CAF5E62F8919E9FE2895FFE67DD,iPhone 11,iPhone 11,151.135.24.120,TR,Istanbul,GOZTEPE,2023-11-25 16:39:44
NFAPPL-02-IPHONE12=1-1E455AF4890338FE88BC20186F2C7F315BD52CAF5E62F8919E9FE2895FFE67DD,iPhone 11,iPhone 11,46.104.28.139,TR,Istanbul,YAKACIK,2023-10-28 16:09:51
NFAPPL-02-IPHONE12=1-1E455AF4890338FE88BC20186F2C7F315BD52CAF5E62F8919E9FE2895FFE67DD,iPhone 11,iPhone 11,82.222.97.85,TR,Istanbul,MAHMUTBEY,2023-07-09 15:31:44
NFAPPL-02-IPHONE12=1-1E455AF4890338FE88BC20186F2C7F315BD52CAF5E62F8919E9FE2895FFE67DD,iPhone 11,iPhone 11,82.222.99.184,TR,Istanbul,KARADOLAP MAH.,2023-09-19 23:35:22
NFAPPL-02-IPHONE12=1-1E455AF4890338FE88BC20186F2C7F315BD52CAF5E62F8919E9FE2895FFE67DD,iPhone 11,iPhone 11,212.253.112.211,TR,Istanbul,CEVATPASA MAH.,2023-06-17 13:43:53
NFAPPL-02-IPHONE12=1-1E455AF4890338FE88BC20186F2C7F315BD52CAF5E62F8919E9FE2895FFE67DD,iPhone 11,iPhone 11,85.153.204.63,TR,Istanbul,BASAK MAH.,2023-10-08 12:29:45
NFAPPL-02-IPHONE12=1-1E455AF4890338FE88BC20186F2C7F315BD52CAF5E62F8919E9FE2895FFE67DD,iPhone 11,iPhone 11,5.46.172.82,TR,Istanbul,BEYAZIT,2023-09-23 15:53:43
NFAPPL-02-IPHONE12=1-1E455AF4890338FE88BC20186F2C7F315BD52CAF5E62F8919E9FE2895FFE67DD,iPhone 11,iPhone 11,85.153.207.230,TR,Tekirdag,VAKIFLAR,2023-06-30 23:39:18
NFAPPL-02-IPHONE12=1-1E455AF4890338FE88BC20186F2C7F315BD52CAF5E62F8919E9FE2895FFE67DD,iPhone 11,iPhone 11,85.153.202.81,TR,Istanbul,BASAK MAH.,2023-09-29 08:39:54
NFAPPL-02-IPHONE12=1-1E455AF4890338FE88BC20186F2C7F315BD52CAF5E62F8919E9FE2895FFE67DD,iPhone 11,iPhone 11,151.135.24.159,TR,Kocaeli,DERINCE,2023-11-08 23:35:45
NFAPPL-02-IPHONE12=1-1E455AF4890338FE88BC20186F2C7F315BD52CAF5E62F8919E9FE2895FFE67DD,iPhone 11,iPhone 11,212.253.112.6,TR,Istanbul,FATIH MAH.,2023-10-08 11:23:42
NFAPPL-02-IPHONE12=1-1E455AF4890338FE88BC20186F2C7F315BD52CAF5E62F8919E9FE2895FFE67DD,iPhone 11,iPhone 11,151.135.22.31,TR,Kocaeli,GEBZE,2023-11-13 21:50:00
NFAPPL-02-IPHONE12=1-1E455AF4890338FE88BC20186F2C7F315BD52CAF5E62F8919E9FE2895FFE67DD,iPhone 11,iPhone 11,85.153.202.184,TR,Istanbul,SARIYER,2023-10-14 21:41:03
NFCDCH-02-KAZQKX62YP385D6566RPRWGJQHM8WD,chrome-cadmium,chrome-cadmium,95.0.206.241,TR,Istanbul,ISTANBUL,2023-07-13 11:22:37
NFCDCH-02-KDQ3A7CKPL2LEFN5T8W9VRF052U31J,chrome-cadmium,chrome-cadmium,95.0.206.241,TR,Istanbul,ISTANBUL,2023-08-03 11:20:46
NFCDCH-02-KFJEL7PDT29JP9LAP89CLJV81NF98U,,,95.0.206.241,TR,Istanbul,ISTANBUL,2023-10-27 14:08:28
NFCDCH-02-KH0CN46Q8AP16M5TUPA23Y3XPM20N9,chrome-cadmium,chrome-cadmium,95.0.206.241,TR,Istanbul,ISTANBUL,2023-09-12 09:26:40
NFCDCH-02-KHNGWN3NFA5QFHR20XHY93DGKKGG1D,chrome-cadmium,chrome-cadmium,95.0.206.241,TR,Istanbul,ISTANBUL,2023-09-20 09:48:29
NFCDCH-02-KHULUK1MKNEFQKTGEA07K0Q8219D5L,chrome-cadmium,chrome-cadmium,95.0.206.241,TR,Istanbul,ISTANBUL,2023-09-22 08:26:00
NFCDCH-02-KL255QEJQ2649JCDRRQFME5WAQX039,chrome-cadmium,chrome-cadmium,95.0.206.241,TR,Istanbul,ISTANBUL,2023-10-19 11:37:28
NFCDCH-02-KMZHXDPQ3NH5U3LV0M7KWAD0VQFDQC,chrome-cadmium,chrome-cadmium,178.240.52.95,TR,Istanbul,BESYOL MAH.,2023-11-24 20:23:58
NFCDCH-02-KMZHXDPQ3NH5U3LV0M7KWAD0VQFDQC,chrome-cadmium,chrome-cadmium,178.240.52.95,TR,Istanbul,BESYOL MAH.,2023-11-24 20:19:36
NFCDCH-02-KMZHXDPQ3NH5U3LV0M7KWAD0VQFDQC,chrome-cadmium,chrome-cadmium,149.140.90.183,TR,Istanbul,GURSEL MAH.,2023-11-11 18:12:13
NFCDCH-02-KP34YGWP2C1H201RKHPCU8D1L7916G,chrome-cadmium,chrome-cadmium,95.0.206.241,TR,Istanbul,ISTANBUL,2023-11-25 06:30:21
NFUWA-001-95E879AFAED77BCCC97C1AFAC440BAAB2FBDC60C707E951F3E728DFC47027B46,windows-uwa,windows-uwa,159.20.95.68,TR,Istanbul,BOZKURT MAH.,2023-04-22 23:31:27
NFUWA-001-95E879AFAED77BCCC97C1AFAC440BAAB2FBDC60C707E951F3E728DFC47027B46,windows-uwa,windows-uwa,85.153.206.115,TR,Istanbul,KONAKLAR MAH.,2023-07-29 00:50:07
NFUWA-001-95E879AFAED77BCCC97C1AFAC440BAAB2FBDC60C707E951F3E728DFC47027B46,windows-uwa,windows-uwa,159.20.68.5,TR,Istanbul,FATIH MAH.,2023-03-30 22:14:55
